,politicalParty,results.ballotItems.id,contest_name,percent_of_ballot_item,label,precinctsParticipating,precinctsReporting
744,REP,US2R,US Senate - Rep<br>2357 of 2584 precincts reporting,25.369281166545,"<b>Earl L. ""Buddy"" Carter</b><br>219,631 votes",2584,2357
745,REP,US2R,US Senate - Rep<br>2357 of 2584 precincts reporting,40.46071781697885,"<b>Mike Collins</b><br>350,283 votes",2584,2357
746,REP,US2R,US Senate - Rep<br>2357 of 2584 precincts reporting,1.074692515963296,"<b>John F. Coyne III</b><br>9,304 votes",2584,2357
747,REP,US2R,US Senate - Rep<br>2357 of 2584 precincts reporting,29.9768058622952,"<b>Derek Dooley</b><br>259,520 votes",2584,2357
748,REP,US2R,US Senate - Rep<br>2357 of 2584 precincts reporting,3.118502638217655,"<b>Jonathan ""Jon"" McColumn</b><br>26,998 votes",2584,2357
743,DEM,US2D,US Senate - Dem<br>2357 of 2584 precincts reporting,100.0,"<b>Jon Ossoff (I)</b><br>968,743 votes",2584,2357
16,REP,S1R,Governor - Rep<br>2357 of 2584 precincts reporting,11.855130675679796,"<b>Chris Carr</b><br>105,015 votes",2584,2357
17,REP,S1R,Governor - Rep<br>2357 of 2584 precincts reporting,0.7538786140283738,"<b>Clark Dean</b><br>6,678 votes",2584,2357
18,REP,S1R,Governor - Rep<br>2357 of 2584 precincts reporting,32.61817594790809,"<b>Rick Jackson</b><br>288,938 votes",2584,2357
19,REP,S1R,Governor - Rep<br>2357 of 2584 precincts reporting,38.33311319806868,"<b>Burt Jones</b><br>339,562 votes",2584,2357
20,REP,S1R,Governor - Rep<br>2357 of 2584 precincts reporting,0.59222030685727,"<b>Gregg Kirkpatrick</b><br>5,246 votes",2584,2357
21,REP,S1R,Governor - Rep<br>2357 of 2584 precincts reporting,14.921897136999771,"<b>Brad Raffensperger</b><br>132,181 votes",2584,2357
22,REP,S1R,Governor - Rep<br>2357 of 2584 precincts reporting,0.41340273803113275,"<b>Tom Williams</b><br>3,662 votes",2584,2357
23,REP,S1R,Governor - Rep<br>2357 of 2584 precincts reporting,0.512181382426884,"<b>Ken Yasger</b><br>4,537 votes",2584,2357
9,DEM,S1D,Governor - Dem<br>2357 of 2584 precincts reporting,56.15944984095598,"<b>Keisha Lance Bottoms</b><br>564,617 votes",2584,2357
10,DEM,S1D,Governor - Dem<br>2357 of 2584 precincts reporting,1.1319080707631526,"<b>Olu Brown</b><br>11,380 votes",2584,2357
11,DEM,S1D,Governor - Dem<br>2357 of 2584 precincts reporting,1.7510757105259493,"<b>Amanda Duffy</b><br>17,605 votes",2584,2357
12,DEM,S1D,Governor - Dem<br>2357 of 2584 precincts reporting,7.123063671320951,"<b>Geoff Duncan</b><br>71,614 votes",2584,2357
13,DEM,S1D,Governor - Dem<br>2357 of 2584 precincts reporting,18.473575218175778,"<b>Jason Esteves</b><br>185,730 votes",2584,2357
14,DEM,S1D,Governor - Dem<br>2357 of 2584 precincts reporting,2.338812511065446,"<b>Derrick Jackson</b><br>23,514 votes",2584,2357
15,DEM,S1D,Governor - Dem<br>2357 of 2584 precincts reporting,13.022114977192748,"<b>Michael ""Mike"" Thurmond</b><br>130,922 votes",2584,2357
27,REP,S2R,Lieutenant Governor - Rep<br>2357 of 2584 precincts reporting,15.742848201203467,"<b>David Clark</b><br>132,801 votes",2584,2357
28,REP,S2R,Lieutenant Governor - Rep<br>2357 of 2584 precincts reporting,22.854697450341646,"<b>Greg Dolezal</b><br>192,794 votes",2584,2357
29,REP,S2R,Lieutenant Governor - Rep<br>2357 of 2584 precincts reporting,11.747300738296087,"<b>Steve Gooch</b><br>99,096 votes",2584,2357
30,REP,S2R,Lieutenant Governor - Rep<br>2357 of 2584 precincts reporting,27.36046109127464,"<b>John F. Kennedy</b><br>230,803 votes",2584,2357
31,REP,S2R,Lieutenant Governor - Rep<br>2357 of 2584 precincts reporting,1.9271803917663626,"<b>Brenda Lynn Nelson-Porter</b><br>16,257 votes",2584,2357
32,REP,S2R,Lieutenant Governor - Rep<br>2357 of 2584 precincts reporting,1.1213138540762764,"<b>Takosha Swan</b><br>9,459 votes",2584,2357
33,REP,S2R,Lieutenant Governor - Rep<br>2357 of 2584 precincts reporting,19.24619827304152,"<b>Blake Tillery</b><br>162,354 votes",2584,2357
24,DEM,S2D,Lieutenant Governor - Dem<br>2357 of 2584 precincts reporting,41.600070979729026,"<b>Josh McLaurin</b><br>398,537 votes",2584,2357
25,DEM,S2D,Lieutenant Governor - Dem<br>2357 of 2584 precincts reporting,39.155028078745744,"<b>Nabilah Parkes</b><br>375,113 votes",2584,2357
26,DEM,S2D,Lieutenant Governor - Dem<br>2357 of 2584 precincts reporting,19.244900941525227,"<b>Richard N. Wright</b><br>184,370 votes",2584,2357
38,REP,S3R,Secretary of State - Rep<br>2357 of 2584 precincts reporting,38.97810453955645,"<b>Tim Fleming</b><br>314,809 votes",2584,2357
39,REP,S3R,Secretary of State - Rep<br>2357 of 2584 precincts reporting,27.45550085680042,"<b>Vernon Jones</b><br>221,746 votes",2584,2357
40,REP,S3R,Secretary of State - Rep<br>2357 of 2584 precincts reporting,15.966451063323989,"<b>Kelvin King</b><br>128,954 votes",2584,2357
41,REP,S3R,Secretary of State - Rep<br>2357 of 2584 precincts reporting,5.608452113275949,"<b>Ted Metz</b><br>45,297 votes",2584,2357
42,REP,S3R,Secretary of State - Rep<br>2357 of 2584 precincts reporting,11.991491427043197,"<b>Gabriel ""Gabe"" Sterling</b><br>96,850 votes",2584,2357
34,DEM,S3D,Secretary of State - Dem<br>2357 of 2584 precincts reporting,12.29926487826116,"<b>Cam Ashling</b><br>117,518 votes",2584,2357
35,DEM,S3D,Secretary of State - Dem<br>2357 of 2584 precincts reporting,35.298507150272954,"<b>Dana Barrett</b><br>337,273 votes",2584,2357
36,DEM,S3D,Secretary of State - Dem<br>2357 of 2584 precincts reporting,42.30958421246525,"<b>Penny Brown Reynolds</b><br>404,263 votes",2584,2357
37,DEM,S3D,Secretary of State - Dem<br>2357 of 2584 precincts reporting,10.092643759000635,"<b>Adrian Consonery, Jr.</b><br>96,434 votes",2584,2357
45,REP,S4R,Attorney General - Rep<br>2357 of 2584 precincts reporting,28.49683791622525,"<b>Bill Cowsert</b><br>229,717 votes",2584,2357
46,REP,S4R,Attorney General - Rep<br>2357 of 2584 precincts reporting,71.50316208377475,"<b>Brian Strickland</b><br>576,397 votes",2584,2357
43,DEM,S4D,Attorney General - Dem<br>2357 of 2584 precincts reporting,84.391745419001,"<b>Tanya Miller</b><br>816,745 votes",2584,2357
44,DEM,S4D,Attorney General - Dem<br>2357 of 2584 precincts reporting,15.608254580999006,"<b>Robert ""Bob"" Trammell</b><br>151,057 votes",2584,2357
49,REP,S5R,Commissioner of Agriculture - Rep<br>2357 of 2584 precincts reporting,100.0,"<b>Tyler Harper (I)</b><br>778,368 votes",2584,2357
47,DEM,S5D,Commissioner of Agriculture - Dem<br>2357 of 2584 precincts reporting,62.06088519672811,"<b>Katherine E. Juhan-Arnold</b><br>583,453 votes",2584,2357
48,DEM,S5D,Commissioner of Agriculture - Dem<br>2357 of 2584 precincts reporting,37.93911480327189,"<b>Sedrick Kent Rowe, Jr.</b><br>356,677 votes",2584,2357
55,REP,S6R,Commissioner of Insurance - Rep<br>2357 of 2584 precincts reporting,100.0,"<b>John King (I)</b><br>756,287 votes",2584,2357
50,DEM,S6D,Commissioner of Insurance - Dem<br>2357 of 2584 precincts reporting,17.81260294105226,"<b>Clarence Blalock</b><br>168,711 votes",2584,2357
51,DEM,S6D,Commissioner of Insurance - Dem<br>2357 of 2584 precincts reporting,8.40252379785967,"<b>Thomas Dean</b><br>79,584 votes",2584,2357
52,DEM,S6D,Commissioner of Insurance - Dem<br>2357 of 2584 precincts reporting,11.932926777765578,"<b>Ambuj ""AJ"" Jain</b><br>113,022 votes",2584,2357
53,DEM,S6D,Commissioner of Insurance - Dem<br>2357 of 2584 precincts reporting,19.819583928103857,"<b>DeAndre Mathis</b><br>187,720 votes",2584,2357
54,DEM,S6D,Commissioner of Insurance - Dem<br>2357 of 2584 precincts reporting,42.03236255521864,"<b>Keisha Sean Waites</b><br>398,107 votes",2584,2357
59,REP,S7R,State School Superintendent - Rep<br>2357 of 2584 precincts reporting,2.871604021177252,"<b>Nelva Lee</b><br>23,426 votes",2584,2357
60,REP,S7R,State School Superintendent - Rep<br>2357 of 2584 precincts reporting,29.077779453063997,"<b>Fred ""Bubba"" Longgrear</b><br>237,211 votes",2584,2357
61,REP,S7R,State School Superintendent - Rep<br>2357 of 2584 precincts reporting,4.028532167334125,"<b>Mesha Mainor</b><br>32,864 votes",2584,2357
62,REP,S7R,State School Superintendent - Rep<br>2357 of 2584 precincts reporting,14.096185128116492,"<b>Randell E. Trammell</b><br>114,994 votes",2584,2357
63,REP,S7R,State School Superintendent - Rep<br>2357 of 2584 precincts reporting,49.92589923030813,"<b>Richard Woods (I)</b><br>407,286 votes",2584,2357
56,DEM,S7D,State School Superintendent - Dem<br>2357 of 2584 precincts reporting,29.687209807049214,"<b>Anton Anthony</b><br>279,731 votes",2584,2357
57,DEM,S7D,State School Superintendent - Dem<br>2357 of 2584 precincts reporting,50.500975844272446,"<b>Lydia Powell</b><br>475,851 votes",2584,2357
58,DEM,S7D,State School Superintendent - Dem<br>2357 of 2584 precincts reporting,19.81181434867834,"<b>Otha Thornton</b><br>186,679 votes",2584,2357
69,REP,S8R,Commissioner of Labor - Rep<br>2357 of 2584 precincts reporting,100.0,"<b>Bárbara Rivera Holmes (I)</b><br>735,714 votes",2584,2357
64,DEM,S8D,Commissioner of Labor - Dem<br>2357 of 2584 precincts reporting,19.945047285512555,"<b>Brett A. Hulme</b><br>187,427 votes",2584,2357
65,DEM,S8D,Commissioner of Labor - Dem<br>2357 of 2584 precincts reporting,10.04791868190104,"<b>Jason Moon</b><br>94,422 votes",2584,2357
66,DEM,S8D,Commissioner of Labor - Dem<br>2357 of 2584 precincts reporting,30.621665884516297,"<b>Nikki Porcher</b><br>287,757 votes",2584,2357
67,DEM,S8D,Commissioner of Labor - Dem<br>2357 of 2584 precincts reporting,25.83245806982315,"<b>Michelle Michi Sanchez</b><br>242,752 votes",2584,2357
68,DEM,S8D,Commissioner of Labor - Dem<br>2357 of 2584 precincts reporting,13.55291007824696,"<b>Christian Wise Smith</b><br>127,359 votes",2584,2357
1,REP,S11R,PSC - District 3 - Rep<br>2357 of 2584 precincts reporting,50.090072478819046,"<b>Fitz Johnson</b><br>368,978 votes",2584,2357
2,REP,S11R,PSC - District 3 - Rep<br>2357 of 2584 precincts reporting,49.90992752118095,"<b>Brandon Martin</b><br>367,651 votes",2584,2357
0,DEM,S11D,PSC - District 3 - Dem<br>2357 of 2584 precincts reporting,100.0,"<b>Peter Hubbard (I)</b><br>877,853 votes",2584,2357
6,REP,S13R,PSC - District 5 - Rep<br>2357 of 2584 precincts reporting,31.059855494580706,"<b>Bobby Mehan</b><br>229,168 votes",2584,2357
7,REP,S13R,PSC - District 5 - Rep<br>2357 of 2584 precincts reporting,21.81934247459093,"<b>Carolyn Tatum Roddy</b><br>160,989 votes",2584,2357
8,REP,S13R,PSC - District 5 - Rep<br>2357 of 2584 precincts reporting,47.120802030828365,"<b>Josh Tolbert</b><br>347,670 votes",2584,2357
3,DEM,S13D,PSC - District 5 - Dem<br>2357 of 2584 precincts reporting,18.454227145814123,"<b>Craig Cupid</b><br>171,714 votes",2584,2357
4,DEM,S13D,PSC - District 5 - Dem<br>2357 of 2584 precincts reporting,55.64038577689509,"<b>Shelia Edwards</b><br>517,726 votes",2584,2357
5,DEM,S13D,PSC - District 5 - Dem<br>2357 of 2584 precincts reporting,25.905387077290793,"<b>Angelia Pressley</b><br>241,046 votes",2584,2357
795,REP,USH1R,US House of Representatives - District 1 - Rep<br>209 of 213 precincts reporting,17.5028258412312,"<b>Pat Farrell</b><br>12,078 votes",213,209
796,REP,USH1R,US House of Representatives - District 1 - Rep<br>209 of 213 precincts reporting,52.45051154972031,"<b>James ""Jim"" Kingston</b><br>36,194 votes",213,209
797,REP,USH1R,US House of Representatives - District 1 - Rep<br>209 of 213 precincts reporting,9.990435614294409,"<b>Brian Montgomery</b><br>6,894 votes",213,209
798,REP,USH1R,US House of Representatives - District 1 - Rep<br>209 of 213 precincts reporting,3.4837550357939886,"<b>Krista Penn</b><br>2,404 votes",213,209
799,REP,USH1R,US House of Representatives - District 1 - Rep<br>209 of 213 precincts reporting,12.172854534388314,"<b>Kandiss Taylor</b><br>8,400 votes",213,209
800,REP,USH1R,US House of Representatives - District 1 - Rep<br>209 of 213 precincts reporting,4.399617424571776,"<b>Eugene Yu</b><br>3,036 votes",213,209
787,DEM,USH1D,US House of Representatives - District 1 - Dem<br>209 of 213 precincts reporting,9.428515770272902,"<b>Defonsio Daniels</b><br>5,324 votes",213,209
788,DEM,USH1D,US House of Representatives - District 1 - Dem<br>209 of 213 precincts reporting,34.42010377742753,"<b>Joyce Marie Griggs</b><br>19,436 votes",213,209
789,DEM,USH1D,US House of Representatives - District 1 - Dem<br>209 of 213 precincts reporting,24.642711672304177,"<b>Amanda Hollowell</b><br>13,915 votes",213,209
790,DEM,USH1D,US House of Representatives - District 1 - Dem<br>209 of 213 precincts reporting,5.516496360706253,"<b>Michael McCord</b><br>3,115 votes",213,209
791,DEM,USH1D,US House of Representatives - District 1 - Dem<br>209 of 213 precincts reporting,1.487594524235394,<b>Joey Palimeno</b><br>840 votes,213,209
792,DEM,USH1D,US House of Representatives - District 1 - Dem<br>209 of 213 precincts reporting,14.91490605132201,"<b>Sharon Stokes Williamson</b><br>8,422 votes",213,209
793,DEM,USH1D,US House of Representatives - District 1 - Dem<br>209 of 213 precincts reporting,6.927940212867692,"<b>Patrick J. Wilver</b><br>3,912 votes",213,209
794,DEM,USH1D,US House of Representatives - District 1 - Dem<br>209 of 213 precincts reporting,2.6617316308640446,"<b>Randy Zurcher</b><br>1,503 votes",213,209
802,REP,USH2R,US House of Representatives - District 2 - Rep<br>214 of 219 precincts reporting,100.0,"<b>Matt Day</b><br>41,603 votes",219,214
801,DEM,USH2D,US House of Representatives - District 2 - Dem<br>214 of 219 precincts reporting,100.0,"<b>Sanford Bishop (I)</b><br>71,569 votes",219,214
805,REP,USH3R,US House of Representatives - District 3 - Rep<br>173 of 180 precincts reporting,100.0,"<b>Brian Jack (I)</b><br>82,442 votes",180,173
803,DEM,USH3D,US House of Representatives - District 3 - Dem<br>173 of 180 precincts reporting,39.37454904492462,"<b>George Melville Johnson</b><br>20,737 votes",180,173
804,DEM,USH3D,US House of Representatives - District 3 - Dem<br>173 of 180 precincts reporting,60.62545095507538,"<b>Maura Keller</b><br>31,929 votes",180,173
809,REP,USH4R,US House of Representatives - District 4 - Rep<br>165 of 168 precincts reporting,100.0,"<b>Jim Duffie</b><br>17,255 votes",168,165
806,DEM,USH4D,US House of Representatives - District 4 - Dem<br>165 of 168 precincts reporting,79.36367179886962,"<b>Henry ""Hank"" Johnson, Jr. (I)</b><br>81,443 votes",168,165
807,DEM,USH4D,US House of Representatives - District 4 - Dem<br>165 of 168 precincts reporting,11.607873708828688,"<b>Ansel Postell</b><br>11,912 votes",168,165
808,DEM,USH4D,US House of Representatives - District 4 - Dem<br>165 of 168 precincts reporting,9.028454492301695,"<b>Ben Truman</b><br>9,265 votes",168,165
812,REP,USH5R,US House of Representatives - District 5 - Rep<br>215 of 256 precincts reporting,100.0,"<b>John ""Bongo"" Salvesen</b><br>9,091 votes",256,215
810,DEM,USH5D,US House of Representatives - District 5 - Dem<br>215 of 256 precincts reporting,11.952678923759594,"<b>Arnetress Beatty</b><br>14,842 votes",256,215
811,DEM,USH5D,US House of Representatives - District 5 - Dem<br>215 of 256 precincts reporting,88.04732107624041,"<b>Nikema Williams (I)</b><br>109,331 votes",256,215
814,REP,USH6R,US House of Representatives - District 6 - Rep<br>149 of 241 precincts reporting,70.14517817321257,"<b>Kevin E. Martin</b><br>15,413 votes",241,149
815,REP,USH6R,US House of Representatives - District 6 - Rep<br>149 of 241 precincts reporting,29.85482182678742,"<b>Justin Pinker</b><br>6,560 votes",241,149
813,DEM,USH6D,US House of Representatives - District 6 - Dem<br>149 of 241 precincts reporting,100.0,"<b>Lucy McBath (I)</b><br>109,889 votes",241,149
820,REP,USH7R,US House of Representatives - District 7 - Rep<br>151 of 171 precincts reporting,100.0,"<b>Rich McCormick (I)</b><br>73,588 votes",171,151
816,DEM,USH7D,US House of Representatives - District 7 - Dem<br>151 of 171 precincts reporting,40.3272245326996,"<b>Tony Kozycki</b><br>17,648 votes",171,151
817,DEM,USH7D,US House of Representatives - District 7 - Dem<br>151 of 171 precincts reporting,18.826836067821397,"<b>Larry D. Long</b><br>8,239 votes",171,151
818,DEM,USH7D,US House of Representatives - District 7 - Dem<br>151 of 171 precincts reporting,21.98254193135597,"<b>Case Norton</b><br>9,620 votes",171,151
819,DEM,USH7D,US House of Representatives - District 7 - Dem<br>151 of 171 precincts reporting,18.86339746812303,"<b>Jayson Toweh</b><br>8,255 votes",171,151
823,REP,USH8R,US House of Representatives - District 8 - Rep<br>203 of 203 precincts reporting,100.0,"<b>Austin Scott (I)</b><br>71,989 votes",203,203
821,DEM,USH8D,US House of Representatives - District 8 - Dem<br>203 of 203 precincts reporting,53.467772756907436,"<b>Kelly Esti</b><br>23,783 votes",203,203
822,DEM,USH8D,US House of Representatives - District 8 - Dem<br>203 of 203 precincts reporting,46.53222724309256,"<b>Justin M. Lucas</b><br>20,698 votes",203,203
826,REP,USH9R,US House of Representatives - District 9 - Rep<br>140 of 143 precincts reporting,75.95052679798442,"<b>Andrew Clyde (I)</b><br>69,636 votes",143,140
827,REP,USH9R,US House of Representatives - District 9 - Rep<br>140 of 143 precincts reporting,12.08581462818751,"<b>Sam Couvillon</b><br>11,081 votes",143,140
828,REP,USH9R,US House of Representatives - District 9 - Rep<br>140 of 143 precincts reporting,11.963658573828065,"<b>Gregg Poole</b><br>10,969 votes",143,140
824,DEM,USH9D,US House of Representatives - District 9 - Dem<br>140 of 143 precincts reporting,40.02800655068474,"<b>Nick Alex</b><br>16,865 votes",143,140
825,DEM,USH9D,US House of Representatives - District 9 - Dem<br>140 of 143 precincts reporting,59.97199344931526,"<b>Caitlyn Gegen</b><br>25,268 votes",143,140
752,REP,USH10R,US House of Representatives - District 10 - Rep<br>133 of 156 precincts reporting,14.463840399002494,"<b>Jeff Baker</b><br>11,368 votes",156,133
753,REP,USH10R,US House of Representatives - District 10 - Rep<br>133 of 156 precincts reporting,68.1383276502621,"<b>Houston Gaines</b><br>53,554 votes",156,133
754,REP,USH10R,US House of Representatives - District 10 - Rep<br>133 of 156 precincts reporting,17.397831950735405,"<b>Ryan Millsap</b><br>13,674 votes",156,133
749,DEM,USH10D,US House of Representatives - District 10 - Dem<br>133 of 156 precincts reporting,53.45144235228643,"<b>Pamela ""Pam"" Delancy</b><br>28,813 votes",156,133
750,DEM,USH10D,US House of Representatives - District 10 - Dem<br>133 of 156 precincts reporting,40.320934978202395,"<b>Alexandra ""Lexy"" Doherty</b><br>21,735 votes",156,133
751,DEM,USH10D,US House of Representatives - District 10 - Dem<br>133 of 156 precincts reporting,6.227622669511177,"<b>John Dority</b><br>3,357 votes",156,133
757,REP,USH11R,US House of Representatives - District 11 - Rep<br>132 of 151 precincts reporting,21.70797857268152,"<b>Rob Adkerson</b><br>16,088 votes",151,132
758,REP,USH11R,US House of Representatives - District 11 - Rep<br>132 of 151 precincts reporting,3.8901107797762817,"<b>Lisa Carlquist</b><br>2,883 votes",151,132
759,REP,USH11R,US House of Representatives - District 11 - Rep<br>132 of 151 precincts reporting,43.00306297310791,"<b>John Cowan</b><br>31,870 votes",151,132
760,REP,USH11R,US House of Representatives - District 11 - Rep<br>132 of 151 precincts reporting,6.188015274385719,"<b>John Hobbs</b><br>4,586 votes",151,132
761,REP,USH11R,US House of Representatives - District 11 - Rep<br>132 of 151 precincts reporting,1.2832103196556517,<b>Uloma Ekpete Kama</b><br>951 votes,151,132
762,REP,USH11R,US House of Representatives - District 11 - Rep<br>132 of 151 precincts reporting,5.099108094614834,"<b>Chris Mora</b><br>3,779 votes",151,132
763,REP,USH11R,US House of Representatives - District 11 - Rep<br>132 of 151 precincts reporting,18.828513985778088,"<b>Tricia Pridemore</b><br>13,954 votes",151,132
755,DEM,USH11D,US House of Representatives - District 11 - Dem<br>132 of 151 precincts reporting,74.69828588337244,"<b>Chris Harden</b><br>35,342 votes",151,132
756,DEM,USH11D,US House of Representatives - District 11 - Dem<br>132 of 151 precincts reporting,25.301714116627565,"<b>Barry Wolfert</b><br>11,971 votes",151,132
769,REP,USH12R,US House of Representatives - District 12 - Rep<br>234 of 234 precincts reporting,83.29624537581675,"<b>Rick W. Allen (I)</b><br>58,768 votes",234,234
770,REP,USH12R,US House of Representatives - District 12 - Rep<br>234 of 234 precincts reporting,16.703754624183237,"<b>Tori Branum</b><br>11,785 votes",234,234
764,DEM,USH12D,US House of Representatives - District 12 - Dem<br>234 of 234 precincts reporting,26.69409247984203,"<b>Traci ""Acree"" George</b><br>16,222 votes",234,234
765,DEM,USH12D,US House of Representatives - District 12 - Dem<br>234 of 234 precincts reporting,11.20618726345236,"<b>Tracell Peace-Nichols</b><br>6,810 votes",234,234
766,DEM,USH12D,US House of Representatives - District 12 - Dem<br>234 of 234 precincts reporting,32.70528221161758,"<b>Ceretta Smith</b><br>19,875 votes",234,234
767,DEM,USH12D,US House of Representatives - District 12 - Dem<br>234 of 234 precincts reporting,10.697712687181175,"<b>Chris Stephens</b><br>6,501 votes",234,234
768,DEM,USH12D,US House of Representatives - District 12 - Dem<br>234 of 234 precincts reporting,18.696725357906864,"<b>Brianna Woodson</b><br>11,362 votes",234,234
777,REP,USH13R,US House of Representatives - District 13 - Rep<br>137 of 147 precincts reporting,100.0,"<b>Jonathan Chavez</b><br>22,138 votes",147,137
771,DEM,USH13D,US House of Representatives - District 13 - Dem<br>137 of 147 precincts reporting,11.775364227248307,"<b>Everton ""EJ"" Blair</b><br>11,178 votes",147,137
772,DEM,USH13D,US House of Representatives - District 13 - Dem<br>137 of 147 precincts reporting,56.44863948086424,"<b>Jasmine Clark</b><br>53,585 votes",147,137
773,DEM,USH13D,US House of Representatives - District 13 - Dem<br>137 of 147 precincts reporting,1.4368936129868215,"<b>Jeff Fauntleroy Sr.</b><br>1,364 votes",147,137
774,DEM,USH13D,US House of Representatives - District 13 - Dem<br>137 of 147 precincts reporting,7.656409662161451,"<b>Emanuel D Jones</b><br>7,268 votes",147,137
775,DEM,USH13D,US House of Representatives - District 13 - Dem<br>137 of 147 precincts reporting,20.988759783833892,"<b>Heavenly Kimes</b><br>19,924 votes",147,137
776,DEM,USH13D,US House of Representatives - District 13 - Dem<br>137 of 147 precincts reporting,1.6939332329052852,"<b>Joe N. Lester</b><br>1,608 votes",147,137
779,REP,USH14R,US House of Representatives - District 14 - Rep<br>140 of 140 precincts reporting,1.6944407250063904,"<b>Star Black</b><br>1,392 votes",140,140
780,REP,USH14R,US House of Representatives - District 14 - Rep<br>140 of 140 precincts reporting,0.6768024734939319,<b>Reagan Box</b><br>556 votes,140,140
781,REP,USH14R,US House of Representatives - District 14 - Rep<br>140 of 140 precincts reporting,1.8064296234981922,"<b>Beau Brown</b><br>1,484 votes",140,140
782,REP,USH14R,US House of Representatives - District 14 - Rep<br>140 of 140 precincts reporting,81.292984869326,"<b>Clay Fuller</b><br>66,783 votes",140,140
783,REP,USH14R,US House of Representatives - District 14 - Rep<br>140 of 140 precincts reporting,2.483232096992124,"<b>Tom Gray</b><br>2,040 votes",140,140
784,REP,USH14R,US House of Representatives - District 14 - Rep<br>140 of 140 precincts reporting,1.480201093109031,"<b>Nicky Lama</b><br>1,216 votes",140,140
785,REP,USH14R,US House of Representatives - District 14 - Rep<br>140 of 140 precincts reporting,6.697423038064053,"<b>Colton Moore</b><br>5,502 votes",140,140
786,REP,USH14R,US House of Representatives - District 14 - Rep<br>140 of 140 precincts reporting,3.8684860805102796,"<b>Brian Stover</b><br>3,178 votes",140,140
778,DEM,USH14D,US House of Representatives - District 14 - Dem<br>140 of 140 precincts reporting,100.0,"<b>Shawn Harris</b><br>42,726 votes",140,140
632,REP,SSD1R,State Senate - District 1 - Rep<br>49 of 49 precincts reporting,100.0,"<b>Ben Watson (I)</b><br>17,988 votes",49,49
630,DEM,SSD1D,State Senate - District 1 - Dem<br>49 of 49 precincts reporting,58.58380030565461,"<b>Corey Foreman</b><br>9,200 votes",49,49
631,DEM,SSD1D,State Senate - District 1 - Dem<br>49 of 49 precincts reporting,41.41619969434539,"<b>Barbara Gooby</b><br>6,504 votes",49,49
656,DEM,SSD2D,State Senate - District 2 - Dem<br>56 of 58 precincts reporting,100.0,"<b>Derek J. Mallow (I)</b><br>21,118 votes",58,56
681,REP,SSD3R,State Senate - District 3 - Rep<br>45 of 46 precincts reporting,100.0,"<b>Mike Hodges (I)</b><br>19,756 votes",46,45
710,REP,SSD4R,State Senate - District 4 - Rep<br>45 of 45 precincts reporting,100.0,"<b>Billy Hickman (I)</b><br>16,981 votes",45,45
729,DEM,SSD5D,State Senate - District 5/ Senador Estatal del Distrito 5 - Dem<br>27 of 27 precincts reporting,45.50739957716702,"<b>Robin Emilia McCoy</b><br>5,166 votes",27,27
730,DEM,SSD5D,State Senate - District 5/ Senador Estatal del Distrito 5 - Dem<br>27 of 27 precincts reporting,54.49260042283298,"<b>Sheikh Rahman (I)</b><br>6,186 votes",27,27
732,REP,SSD6R,State Senate - District 6 - Rep<br>37 of 42 precincts reporting,100.0,"<b>Matt Brass (I)</b><br>19,063 votes",42,37
731,DEM,SSD6D,State Senate - District 6 - Dem<br>37 of 42 precincts reporting,100.0,"<b>JerMarkus A. Jacobs</b><br>8,322 votes",42,37
739,REP,SSD7R,State Senate - District 7/ Senador Estatal del Distrito 7 - Rep<br>31 of 33 precincts reporting,100.0,"<b>Aizaz Shahbaz Shaikh</b><br>8,417 votes",33,31
736,DEM,SSD7D,State Senate - District 7/ Senador Estatal del Distrito 7 - Dem<br>31 of 33 precincts reporting,33.33142955051688,"<b>Rahul Garabadu</b><br>5,836 votes",33,31
737,DEM,SSD7D,State Senate - District 7/ Senador Estatal del Distrito 7 - Dem<br>31 of 33 precincts reporting,38.02615797589811,"<b>Ruwa Romman</b><br>6,658 votes",33,31
738,DEM,SSD7D,State Senate - District 7/ Senador Estatal del Distrito 7 - Dem<br>31 of 33 precincts reporting,28.642412473585015,"<b>Astrid S. Ross</b><br>5,015 votes",33,31
733,,SSD7,Special State Senate - District 7/ Especial Senador Estatal del Distrito 7<br>31 of 33 precincts reporting,32.976377952755904,"<b>Astrid S. Ross (Dem)</b><br>9,423 votes",33,31
734,,SSD7,Special State Senate - District 7/ Especial Senador Estatal del Distrito 7<br>31 of 33 precincts reporting,33.58180227471566,"<b>Aizaz Shahbaz Shaikh (Rep)</b><br>9,596 votes",33,31
735,,SSD7,Special State Senate - District 7/ Especial Senador Estatal del Distrito 7<br>31 of 33 precincts reporting,33.44181977252843,"<b>Adrienne White (Dem)</b><br>9,556 votes",33,31
740,REP,SSD8R,State Senate - District 8 - Rep<br>45 of 45 precincts reporting,100.0,"<b>Russ Goodman (I)</b><br>13,473 votes",45,45
742,REP,SSD9R,State Senate - District 9/ Senador Estatal del Distrito 9 - Rep<br>34 of 37 precincts reporting,100.0,"<b>Michael Johnson</b><br>7,947 votes",37,34
741,DEM,SSD9D,State Senate - District 9/ Senador Estatal del Distrito 9 - Dem<br>34 of 37 precincts reporting,100.0,"<b>Nikki Merritt (I)</b><br>20,510 votes",37,34
607,REP,SSD10R,State Senate - District 10 - Rep<br>53 of 53 precincts reporting,100.0,"<b>Furquan Stafford</b><br>3,477 votes",53,53
603,DEM,SSD10D,State Senate - District 10 - Dem<br>53 of 53 precincts reporting,21.17691910923729,"<b>Kate Denny</b><br>9,443 votes",53,53
604,DEM,SSD10D,State Senate - District 10 - Dem<br>53 of 53 precincts reporting,47.729362427395664,"<b>Larry Johnson</b><br>21,283 votes",53,53
605,DEM,SSD10D,State Senate - District 10 - Dem<br>53 of 53 precincts reporting,26.68251440873719,"<b>Gabrielle Rogers</b><br>11,898 votes",53,53
606,DEM,SSD10D,State Senate - District 10 - Dem<br>53 of 53 precincts reporting,4.411204054629858,"<b>Sylvester Smith III</b><br>1,967 votes",53,53
608,REP,SSD11R,State Senate - District 11 - Rep<br>73 of 78 precincts reporting,100.0,"<b>Sam Watson (I)</b><br>14,136 votes",78,73
609,DEM,SSD12D,State Senate - District 12 - Dem<br>83 of 83 precincts reporting,53.8392549154881,"<b>Edward Brown</b><br>7,804 votes",83,83
610,DEM,SSD12D,State Senate - District 12 - Dem<br>83 of 83 precincts reporting,28.230424284235944,"<b>Corey B. Morgan</b><br>4,092 votes",83,83
611,DEM,SSD12D,State Senate - District 12 - Dem<br>83 of 83 precincts reporting,17.930320800275958,"<b>Tracy Taylor</b><br>2,599 votes",83,83
612,REP,SSD13R,State Senate - District 13 - Rep<br>51 of 51 precincts reporting,100.0,"<b>Carden H. Summers (I)</b><br>19,309 votes",51,51
616,REP,SSD14R,State Senate - District 14 - Rep<br>59 of 70 precincts reporting,63.62150206750648,"<b>Mike Dvorscak</b><br>6,616 votes",70,59
617,REP,SSD14R,State Senate - District 14 - Rep<br>59 of 70 precincts reporting,10.135589960573132,"<b>Tamara Johnson-Shealey</b><br>1,054 votes",70,59
618,REP,SSD14R,State Senate - District 14 - Rep<br>59 of 70 precincts reporting,26.242907971920378,"<b>Carson McQueen</b><br>2,729 votes",70,59
613,DEM,SSD14D,State Senate - District 14 - Dem<br>59 of 70 precincts reporting,37.56375474769398,"<b>Kevin Abel</b><br>6,923 votes",70,59
614,DEM,SSD14D,State Senate - District 14 - Dem<br>59 of 70 precincts reporting,29.924036896364626,"<b>Kay Howell</b><br>5,515 votes",70,59
615,DEM,SSD14D,State Senate - District 14 - Dem<br>59 of 70 precincts reporting,32.512208355941404,"<b>Nathalie J. Kanani</b><br>5,992 votes",70,59
622,REP,SSD15R,State Senate - District 15 - Rep<br>39 of 39 precincts reporting,100.0,"<b>Chuck Hand</b><br>6,675 votes",39,39
619,DEM,SSD15D,State Senate - District 15 - Dem<br>39 of 39 precincts reporting,27.316857899382168,"<b>Edward D Harbison</b><br>5,571 votes",39,39
620,DEM,SSD15D,State Senate - District 15 - Dem<br>39 of 39 precincts reporting,58.75747768951653,"<b>Tremaine ""Teddy"" Reese</b><br>11,983 votes",39,39
621,DEM,SSD15D,State Senate - District 15 - Dem<br>39 of 39 precincts reporting,13.925664411101305,"<b>Alyssa Nia Williams</b><br>2,840 votes",39,39
625,REP,SSD16R,State Senate - District 16 - Rep<br>42 of 44 precincts reporting,100.0,"<b>Marty Harbin (I)</b><br>24,602 votes",44,42
623,DEM,SSD16D,State Senate - District 16 - Dem<br>42 of 44 precincts reporting,72.27391874180866,"<b>Sonya Wimberly Hawkins</b><br>11,029 votes",44,42
624,DEM,SSD16D,State Senate - District 16 - Dem<br>42 of 44 precincts reporting,27.72608125819135,"<b>Pauline Henley</b><br>4,231 votes",44,42
626,DEM,SSD17D,State Senate - District 17 - Dem<br>30 of 34 precincts reporting,81.78725107575303,"<b>Gail Davenport (I)</b><br>24,519 votes",34,30
627,DEM,SSD17D,State Senate - District 17 - Dem<br>30 of 34 precincts reporting,18.212748924246974,"<b>Duro Haynes</b><br>5,460 votes",34,30
628,REP,SSD18R,State Senate - District 18 - Rep<br>45 of 45 precincts reporting,9.790575916230367,"<b>Eugene Allison</b><br>2,244 votes",45,45
629,REP,SSD18R,State Senate - District 18 - Rep<br>45 of 45 precincts reporting,90.20942408376963,"<b>Steven McNeel (I)</b><br>20,676 votes",45,45
595,REP,SS19R,State Senate - District 19 - Rep<br>63 of 64 precincts reporting,32.266640885580316,"<b>Dwayne Hamilton Gillis</b><br>6,675 votes",64,63
596,REP,SS19R,State Senate - District 19 - Rep<br>63 of 64 precincts reporting,8.560931986271573,"<b>Travis Hodges</b><br>1,771 votes",64,63
597,REP,SS19R,State Senate - District 19 - Rep<br>63 of 64 precincts reporting,59.17242712814811,"<b>David Sikes</b><br>12,241 votes",64,63
593,DEM,SS19D,State Senate - District 19 - Dem<br>63 of 64 precincts reporting,33.40302348021872,"<b>Eddy Delgado</b><br>2,077 votes",64,63
594,DEM,SS19D,State Senate - District 19 - Dem<br>63 of 64 precincts reporting,66.59697651978128,"<b>Joshua C. Wilkerson</b><br>4,141 votes",64,63
633,REP,SSD20R,State Senate - District 20 - Rep<br>44 of 44 precincts reporting,100.0,"<b>Larry Walker (I)</b><br>20,557 votes",44,44
635,REP,SSD21R,State Senate - District 21 - Rep<br>40 of 47 precincts reporting,100.0,"<b>Jason T. Dickerson (I)</b><br>22,604 votes",47,40
634,DEM,SSD21D,State Senate - District 21 - Dem<br>40 of 47 precincts reporting,100.0,"<b>Kori Simmons</b><br>10,404 votes",47,40
636,DEM,SSD22D,State Senate - District 22 - Dem<br>57 of 57 precincts reporting,100.0,"<b>Harold V. Jones II (I)</b><br>24,449 votes",57,57
639,REP,SSD23R,State Senate - District 23 - Rep<br>75 of 75 precincts reporting,100.0,"<b>Max Burns (I)</b><br>16,491 votes",75,75
637,DEM,SSD23D,State Senate - District 23 - Dem<br>75 of 75 precincts reporting,72.47682119205298,"<b>Shayna Boston</b><br>10,944 votes",75,75
638,DEM,SSD23D,State Senate - District 23 - Dem<br>75 of 75 precincts reporting,27.52317880794702,"<b>Satoria ""Tony"" Ragin</b><br>4,156 votes",75,75
642,REP,SSD24R,State Senate - District 24 - Rep<br>62 of 62 precincts reporting,100.0,"<b>Lee Anderson (I)</b><br>25,444 votes",62,62
640,DEM,SSD24D,State Senate - District 24 - Dem<br>62 of 62 precincts reporting,75.17855568292038,"<b>Lorraine V. Thomas</b><br>8,526 votes",62,62
641,DEM,SSD24D,State Senate - District 24 - Dem<br>62 of 62 precincts reporting,24.82144431707962,"<b>Catie Young</b><br>2,815 votes",62,62
643,REP,SSD25R,State Senate - District 25 - Rep<br>45 of 47 precincts reporting,100.0,"<b>Rick A. Williams (I)</b><br>19,595 votes",47,45
645,REP,SSD26R,State Senate - District 26 - Rep<br>44 of 54 precincts reporting,43.91577796007656,"<b>Nancy Hicks</b><br>3,212 votes",54,44
646,REP,SSD26R,State Senate - District 26 - Rep<br>44 of 54 precincts reporting,56.08422203992344,"<b>Tracy Wheeler</b><br>4,102 votes",54,44
644,DEM,SSD26D,State Senate - District 26 - Dem<br>44 of 54 precincts reporting,100.0,"<b>David E. Lucas (I)</b><br>17,578 votes",54,44
648,REP,SSD27R,State Senate - District 27 - Rep<br>24 of 24 precincts reporting,4.7548616817310325,<b>Klaus Buck</b><br>868 votes,24,24
649,REP,SSD27R,State Senate - District 27 - Rep<br>24 of 24 precincts reporting,54.66447548616817,"<b>Mike Dudgeon</b><br>9,979 votes",24,24
650,REP,SSD27R,State Senate - District 27 - Rep<br>24 of 24 precincts reporting,8.655162969049575,"<b>Marc Martinelli</b><br>1,580 votes",24,24
651,REP,SSD27R,State Senate - District 27 - Rep<br>24 of 24 precincts reporting,31.925499863051222,"<b>Carter Patterson</b><br>5,828 votes",24,24
647,DEM,SSD27D,State Senate - District 27 - Dem<br>24 of 24 precincts reporting,100.0,"<b>Jessica Roper</b><br>6,828 votes",24,24
652,DEM,SSD28D,State Senate - District 28 - Dem<br>39 of 53 precincts reporting,83.10442773600668,"<b>Donzella James (I)</b><br>24,869 votes",53,39
653,DEM,SSD28D,State Senate - District 28 - Dem<br>39 of 53 precincts reporting,16.895572263993316,"<b>Mel Keyton</b><br>5,056 votes",53,39
655,REP,SSD29R,State Senate - District 29 - Rep<br>46 of 46 precincts reporting,100.0,"<b>Randy Robertson (I)</b><br>19,632 votes",46,46
654,DEM,SSD29D,State Senate - District 29 - Dem<br>46 of 46 precincts reporting,100.0,"<b>Jeff Lowe</b><br>12,964 votes",46,46
658,REP,SSD30R,State Senate - District 30 - Rep<br>43 of 43 precincts reporting,100.0,"<b>Timothy J. Bearden (I)</b><br>17,492 votes",43,43
657,DEM,SSD30D,State Senate - District 30 - Dem<br>43 of 43 precincts reporting,100.0,"<b>Wanda Cooper</b><br>13,003 votes",43,43
661,REP,SSD31R,State Senate - District 31 - Rep<br>27 of 27 precincts reporting,79.3046995377504,"<b>Jason R. Anavitarte (I)</b><br>16,470 votes",27,27
662,REP,SSD31R,State Senate - District 31 - Rep<br>27 of 27 precincts reporting,20.695300462249616,"<b>Daniel Davenport</b><br>4,298 votes",27,27
659,DEM,SSD31D,State Senate - District 31 - Dem<br>27 of 27 precincts reporting,69.49910554561717,"<b>Alec Miller</b><br>8,547 votes",27,27
660,DEM,SSD31D,State Senate - District 31 - Dem<br>27 of 27 precincts reporting,30.500894454382827,"<b>Josh Plancher</b><br>3,751 votes",27,27
664,REP,SSD32R,State Senate - District 32 - Rep<br>34 of 41 precincts reporting,100.0,"<b>Kay Kirkpatrick (I)</b><br>16,442 votes",41,34
663,DEM,SSD32D,State Senate - District 32 - Dem<br>34 of 41 precincts reporting,100.0,"<b>Michael Hettig</b><br>13,227 votes",41,34
665,DEM,SSD33D,State Senate - District 33 - Dem<br>27 of 33 precincts reporting,100.0,"<b>Michael Doc Rhett (I)</b><br>18,056 votes",33,27
666,DEM,SSD34D,State Senate - District 34 - Dem<br>45 of 47 precincts reporting,22.122534755900418,"<b>Gabriel Martin</b><br>5,474 votes",47,45
667,DEM,SSD34D,State Senate - District 34 - Dem<br>45 of 47 precincts reporting,77.87746524409957,"<b>Kenya Wicks (I)</b><br>19,270 votes",47,45
668,DEM,SSD35D,State Senate - District 35 - Dem<br>43 of 62 precincts reporting,8.072864152718962,"<b>Elfreda Desvignes</b><br>2,402 votes",62,43
669,DEM,SSD35D,State Senate - District 35 - Dem<br>43 of 62 precincts reporting,66.07514955972307,"<b>Jaha V. Howard (I)</b><br>19,660 votes",62,43
670,DEM,SSD35D,State Senate - District 35 - Dem<br>43 of 62 precincts reporting,25.851986287557978,"<b>Erica-Denise Solomon</b><br>7,692 votes",62,43
672,REP,SSD36R,State Senate - District 36 - Rep<br>37 of 76 precincts reporting,100.0,"<b>Katie Corkren</b><br>1,211 votes",76,37
671,DEM,SSD36D,State Senate - District 36 - Dem<br>37 of 76 precincts reporting,100.0,"<b>Nan Grogan Orrock (I)</b><br>22,682 votes",76,37
675,REP,SSD37R,State Senate - District 37 - Rep<br>41 of 43 precincts reporting,100.0,"<b>Ed Setzler (I)</b><br>20,134 votes",43,41
673,DEM,SSD37D,State Senate - District 37 - Dem<br>41 of 43 precincts reporting,68.16592747195408,"<b>Darcy Castro</b><br>13,064 votes",43,41
674,DEM,SSD37D,State Senate - District 37 - Dem<br>41 of 43 precincts reporting,31.834072528045915,"<b>Zachary Neville</b><br>6,101 votes",43,41
677,REP,SSD38R,State Senate - District 38 - Rep<br>55 of 85 precincts reporting,67.34652665589661,"<b>Eric Helvy</b><br>3,335 votes",85,55
678,REP,SSD38R,State Senate - District 38 - Rep<br>55 of 85 precincts reporting,32.653473344103396,"<b>Gregory ""Pop"" Thomas</b><br>1,617 votes",85,55
676,DEM,SSD38D,State Senate - District 38 - Dem<br>55 of 85 precincts reporting,100.0,"<b>Rashaun Kemp (I)</b><br>27,241 votes",85,55
680,REP,SSD39R,State Senate - District 39 - Rep<br>65 of 91 precincts reporting,100.0,"<b>John F. Guest, Jr.</b><br>2,443 votes",91,65
679,DEM,SSD39D,State Senate - District 39 - Dem<br>65 of 91 precincts reporting,100.0,"<b>Sonya Halpern</b><br>25,127 votes",91,65
683,REP,SSD40R,State Senate - District 40 - Rep<br>41 of 41 precincts reporting,100.0,"<b>Melina R. Mast</b><br>7,588 votes",41,41
682,DEM,SSD40D,State Senate - District 40 - Dem<br>41 of 41 precincts reporting,100.0,"<b>Sally Harrell (I)</b><br>18,860 votes",41,41
686,REP,SSD41R,State Senate - District 41 - Rep<br>48 of 48 precincts reporting,100.0,"<b>Jeff Newlin</b><br>2,721 votes",48,48
684,DEM,SSD41D,State Senate - District 41 - Dem<br>48 of 48 precincts reporting,75.64245009139458,"<b>Kim Jackson (I)</b><br>21,105 votes",48,48
685,DEM,SSD41D,State Senate - District 41 - Dem<br>48 of 48 precincts reporting,24.357549908605428,"<b>Shenika Lavern Maddox</b><br>6,796 votes",48,48
688,REP,SSD42R,State Senate - District 42 - Rep<br>32 of 36 precincts reporting,100.0,"<b>Bret A. Dunn</b><br>10,874 votes",36,32
687,DEM,SSD42D,State Senate - District 42 - Dem<br>32 of 36 precincts reporting,100.0,"<b>Eric W. Lee, Sr.</b><br>8,694 votes",36,32
689,DEM,SSD43D,State Senate - District 43 - Dem<br>27 of 30 precincts reporting,73.85350094810029,"<b>Tonya P. Anderson (I)</b><br>21,032 votes",30,27
690,DEM,SSD43D,State Senate - District 43 - Dem<br>27 of 30 precincts reporting,6.706931666549617,"<b>Donald ""Ferg"" Ferguson</b><br>1,910 votes",30,27
691,DEM,SSD43D,State Senate - District 43 - Dem<br>27 of 30 precincts reporting,19.439567385350095,"<b>Sharon Henderson</b><br>5,536 votes",30,27
694,REP,SSD44R,State Senate - District 44 - Rep<br>49 of 52 precincts reporting,100.0,"<b>Ngozi Orabueze</b><br>1,840 votes",52,49
692,DEM,SSD44D,State Senate - District 44 - Dem<br>49 of 52 precincts reporting,59.46321038765525,"<b>Saira Draper</b><br>25,279 votes",52,49
693,DEM,SSD44D,State Senate - District 44 - Dem<br>49 of 52 precincts reporting,40.53678961234475,"<b>Nadine Thomas</b><br>17,233 votes",52,49
696,REP,SSD45R,State Senate - District 45 - Rep<br>26 of 27 precincts reporting,100.0,"<b>Clint Dixon (I)</b><br>14,058 votes",27,26
695,DEM,SSD45D,State Senate - District 45 - Dem<br>26 of 27 precincts reporting,100.0,"<b>Scott Tippetts</b><br>12,618 votes",27,26
699,REP,SSD46R,State Senate - District 46 - Rep<br>30 of 35 precincts reporting,22.19371092656527,"<b>Michael Broun</b><br>4,757 votes",35,30
700,REP,SSD46R,State Senate - District 46 - Rep<br>30 of 35 precincts reporting,34.76719231128114,"<b>Doug McKillip</b><br>7,452 votes",35,30
701,REP,SSD46R,State Senate - District 46 - Rep<br>30 of 35 precincts reporting,43.03909676215359,"<b>Marc McMain</b><br>9,225 votes",35,30
697,DEM,SSD46D,State Senate - District 46 - Dem<br>30 of 35 precincts reporting,40.05738880918221,"<b>William Gaulden</b><br>5,584 votes",35,30
698,DEM,SSD46D,State Senate - District 46 - Dem<br>30 of 35 precincts reporting,59.942611190817786,"<b>Ray Smith</b><br>8,356 votes",35,30
703,REP,SSD47R,State Senate - District 47 - Rep<br>36 of 41 precincts reporting,49.232086207764745,"<b>Jason Black</b><br>9,777 votes",41,36
704,REP,SSD47R,State Senate - District 47 - Rep<br>36 of 41 precincts reporting,50.767913792235255,"<b>Frank Ginn (I)</b><br>10,082 votes",41,36
702,DEM,SSD47D,State Senate - District 47 - Dem<br>36 of 41 precincts reporting,100.0,"<b>Justin Gillespie</b><br>13,119 votes",41,36
707,REP,SSD48R,State Senate - District 48 - Rep<br>33 of 37 precincts reporting,100.0,"<b>Shawn Still (I)</b><br>11,892 votes",37,33
705,DEM,SSD48D,State Senate - District 48 - Dem<br>33 of 37 precincts reporting,35.95525411785431,"<b>Nathan Hombroek</b><br>4,082 votes",37,33
706,DEM,SSD48D,State Senate - District 48 - Dem<br>33 of 37 precincts reporting,64.04474588214569,"<b>Laura Murvartian</b><br>7,271 votes",37,33
709,REP,SSD49R,State Senate - District 49 - Rep<br>30 of 30 precincts reporting,100.0,"<b>Drew Echols (I)</b><br>24,451 votes",30,30
708,DEM,SSD49D,State Senate - District 49 - Dem<br>30 of 30 precincts reporting,100.0,"<b>William Wallace</b><br>7,530 votes",30,30
712,REP,SSD50R,State Senate - District 50 - Rep<br>38 of 38 precincts reporting,100.0,"<b>Bo Hatchett (I)</b><br>28,560 votes",38,38
711,DEM,SSD50D,State Senate - District 50 - Dem<br>38 of 38 precincts reporting,100.0,"<b>Dave Cooper</b><br>4,631 votes",38,38
714,REP,SSD51R,State Senate - District 51 - Rep<br>57 of 58 precincts reporting,41.022042433748865,"<b>Philip Milam</b><br>14,907 votes",58,57
715,REP,SSD51R,State Senate - District 51 - Rep<br>57 of 58 precincts reporting,16.224992432372932,"<b>Steve Shaw</b><br>5,896 votes",58,57
716,REP,SSD51R,State Senate - District 51 - Rep<br>57 of 58 precincts reporting,42.7529651338782,"<b>Will Wade</b><br>15,536 votes",58,57
713,DEM,SSD51D,State Senate - District 51 - Dem<br>57 of 58 precincts reporting,100.0,"<b>Gary St. Lawrence</b><br>5,346 votes",58,57
717,REP,SSD52R,State Senate - District 52 - Rep<br>35 of 35 precincts reporting,100.0,"<b>Chuck Hufstetler (I)</b><br>20,586 votes",35,35
719,REP,SSD53R,State Senate - District 53 - Rep<br>39 of 39 precincts reporting,14.79870949642306,"<b>Denise Pierce Burns</b><br>3,165 votes",39,39
720,REP,SSD53R,State Senate - District 53 - Rep<br>39 of 39 precincts reporting,12.661897414317108,"<b>Blake Elsberry</b><br>2,708 votes",39,39
721,REP,SSD53R,State Senate - District 53 - Rep<br>39 of 39 precincts reporting,72.53939308925983,"<b>Lanny Thomas</b><br>15,514 votes",39,39
718,DEM,SSD53D,State Senate - District 53 - Dem<br>39 of 39 precincts reporting,100.0,"<b>John Bentley ""Jack"" Zibluk</b><br>4,873 votes",39,39
722,REP,SSD54R,State Senate - District 54 - Rep<br>38 of 38 precincts reporting,15.981148243359039,"<b>Marty Brown</b><br>2,984 votes",38,38
723,REP,SSD54R,State Senate - District 54 - Rep<br>38 of 38 precincts reporting,21.947300771208226,"<b>Eddie Hall</b><br>4,098 votes",38,38
724,REP,SSD54R,State Senate - District 54 - Rep<br>38 of 38 precincts reporting,62.07155098543274,"<b>Chuck Payne (I)</b><br>11,590 votes",38,38
726,REP,SSD55R,State Senate - District 55 - Rep<br>45 of 46 precincts reporting,100.0,"<b>Mary Williams Benefield</b><br>5,117 votes",46,45
725,DEM,SSD55D,State Senate - District 55 - Dem<br>45 of 46 precincts reporting,100.0,"<b>Randal Mangham (I)</b><br>30,159 votes",46,45
728,REP,SSD56R,State Senate - District 56 - Rep<br>34 of 43 precincts reporting,100.0,"<b>John Albers (I)</b><br>18,411 votes",43,34
727,DEM,SSD56D,State Senate - District 56 - Dem<br>34 of 43 precincts reporting,100.0,"<b>Patrick Thompson</b><br>13,484 votes",43,34
289,REP,SHD1R,State House of Representatives - District 1 - Rep<br>16 of 16 precincts reporting,83.50043975373791,"<b>Mike Cameron (I)</b><br>4,747 votes",16,16
290,REP,SHD1R,State House of Representatives - District 1 - Rep<br>16 of 16 precincts reporting,16.499560246262092,<b>Neal Howell</b><br>938 votes,16,16
288,DEM,SHD1D,State House of Representatives - District 1 - Dem<br>16 of 16 precincts reporting,100.0,"<b>Steven ""Diz"" Disbrow</b><br>1,423 votes",16,16
317,REP,SHD2R,State House of Representatives - District 2 - Rep<br>14 of 14 precincts reporting,37.041719342604296,"<b>Christian Michael Hurd</b><br>2,930 votes",14,14
318,REP,SHD2R,State House of Representatives - District 2 - Rep<br>14 of 14 precincts reporting,62.958280657395704,"<b>Steve Tarvin (I)</b><br>4,980 votes",14,14
316,DEM,SHD2D,State House of Representatives - District 2 - Dem<br>14 of 14 precincts reporting,100.0,"<b>Whitney Echenique</b><br>1,303 votes",14,14
336,REP,SHD3R,State House of Representatives - District 3 - Rep<br>9 of 9 precincts reporting,70.62655946770168,"<b>Mitchell Horner (I)</b><br>5,095 votes",9,9
337,REP,SHD3R,State House of Representatives - District 3 - Rep<br>9 of 9 precincts reporting,29.373440532298307,"<b>Nick Millwood</b><br>2,119 votes",9,9
335,DEM,SHD3D,State House of Representatives - District 3 - Dem<br>9 of 9 precincts reporting,100.0,"<b>Margaret Spear</b><br>1,729 votes",9,9
360,REP,SHD4R,State House of Representatives - District 4 - Rep<br>13 of 13 precincts reporting,65.90120160213618,"<b>Kasey Carpenter (I)</b><br>2,468 votes",13,13
361,REP,SHD4R,State House of Representatives - District 4 - Rep<br>13 of 13 precincts reporting,34.09879839786382,"<b>Jasper Manis</b><br>1,277 votes",13,13
359,DEM,SHD4D,State House of Representatives - District 4 - Dem<br>13 of 13 precincts reporting,100.0,"<b>Quentin Postell</b><br>1,375 votes",13,13
388,REP,SHD5R,State House of Representatives - District 5 - Rep<br>10 of 10 precincts reporting,100.0,"<b>Matt Barton (I)</b><br>6,106 votes",10,10
387,DEM,SHD5D,State House of Representatives - District 5 - Dem<br>10 of 10 precincts reporting,100.0,"<b>Rasmus Jensen</b><br>1,242 votes",10,10
416,REP,SHD6R,State House of Representatives - District 6 - Rep<br>14 of 14 precincts reporting,100.0,"<b>Jason T. Ridley (I)</b><br>6,019 votes",14,14
415,DEM,SHD6D,State House of Representatives - District 6 - Dem<br>14 of 14 precincts reporting,100.0,<b>Cathy Kott</b><br>978 votes,14,14
433,REP,SHD7R,State House of Representatives - District 7 - Rep<br>25 of 26 precincts reporting,100.0,"<b>Johnny Chastain (I)</b><br>11,175 votes",26,25
453,REP,SHD8R,State House of Representatives - District 8 - Rep<br>21 of 21 precincts reporting,100.0,"<b>Stan Gunter (I)</b><br>12,655 votes",21,21
452,DEM,SHD8D,State House of Representatives - District 8 - Dem<br>21 of 21 precincts reporting,100.0,"<b>Nick Mitchell</b><br>2,121 votes",21,21
482,REP,SHD9R,State House of Representatives - District 9 - Rep<br>7 of 7 precincts reporting,53.2743851892788,"<b>Chris Dockery</b><br>5,784 votes",7,7
483,REP,SHD9R,State House of Representatives - District 9 - Rep<br>7 of 7 precincts reporting,17.417334438611036,"<b>Wayne Rowan</b><br>1,891 votes",7,7
484,REP,SHD9R,State House of Representatives - District 9 - Rep<br>7 of 7 precincts reporting,29.308280372110158,"<b>Doug Sherrill</b><br>3,182 votes",7,7
481,DEM,SHD9D,State House of Representatives - District 9 - Dem<br>7 of 7 precincts reporting,100.0,"<b>Roger L. Smith</b><br>1,612 votes",7,7
119,REP,SHD10R,State House of Representatives - District 10 - Rep<br>4 of 4 precincts reporting,100.0,"<b>Victor Anderson (I)</b><br>9,480 votes",4,4
118,DEM,SHD10D,State House of Representatives - District 10 - Dem<br>4 of 4 precincts reporting,100.0,"<b>John Brown</b><br>1,614 votes",4,4
147,REP,SHD11R,State House of Representatives - District 11 - Rep<br>18 of 18 precincts reporting,100.0,"<b>Rick Jasperse (I)</b><br>9,603 votes",18,18
146,DEM,SHD11D,State House of Representatives - District 11 - Dem<br>18 of 18 precincts reporting,100.0,"<b>Ryan Fountain</b><br>1,813 votes",18,18
171,REP,SHD12R,State House of Representatives - District 12 - Rep<br>16 of 16 precincts reporting,100.0,"<b>Eddie Lumsden (I)</b><br>6,426 votes",16,16
170,DEM,SHD12D,State House of Representatives - District 12 - Dem<br>16 of 16 precincts reporting,100.0,"<b>Holly Chaney</b><br>1,569 votes",16,16
192,REP,SHD13R,State House of Representatives - District 13 - Rep<br>11 of 11 precincts reporting,72.30024968789014,"<b>Katie Dempsey (I)</b><br>4,633 votes",11,11
193,REP,SHD13R,State House of Representatives - District 13 - Rep<br>11 of 11 precincts reporting,27.69975031210986,"<b>Kristie Miner</b><br>1,775 votes",11,11
191,DEM,SHD13D,State House of Representatives - District 13 - Dem<br>11 of 11 precincts reporting,100.0,"<b>Vincent Mendes</b><br>2,753 votes",11,11
216,REP,SHD14R,State House of Representatives - District 14 - Rep<br>11 of 12 precincts reporting,100.0,"<b>Mitchell Scoggins (I)</b><br>7,315 votes",12,11
215,DEM,SHD14D,State House of Representatives - District 14 - Dem<br>11 of 12 precincts reporting,100.0,"<b>Bella Bautista</b><br>1,892 votes",12,11
237,REP,SHD15R,State House of Representatives - District 15 - Rep<br>10 of 10 precincts reporting,100.0,"<b>Matthew Gambill (I)</b><br>6,101 votes",10,10
236,DEM,SHD15D,State House of Representatives - District 15 - Dem<br>10 of 10 precincts reporting,100.0,"<b>Lauren Jones</b><br>1,668 votes",10,10
258,REP,SHD16R,State House of Representatives - District 16 - Rep<br>14 of 14 precincts reporting,100.0,"<b>Trey Kelley (I)</b><br>7,338 votes",14,14
257,DEM,SHD16D,State House of Representatives - District 16 - Dem<br>14 of 14 precincts reporting,100.0,"<b>Diana Spangler</b><br>2,089 votes",14,14
281,REP,SHD17R,State House of Representatives - District 17 - Rep<br>10 of 10 precincts reporting,100.0,"<b>Martin Momtahan (I)</b><br>5,353 votes",10,10
280,DEM,SHD17D,State House of Representatives - District 17 - Dem<br>10 of 10 precincts reporting,100.0,"<b>Tamyko Green</b><br>4,223 votes",10,10
284,REP,SHD18R,State House of Representatives - District 18 - Rep<br>22 of 22 precincts reporting,22.857452809720115,"<b>Frank Phillips</b><br>2,107 votes",22,22
285,REP,SHD18R,State House of Representatives - District 18 - Rep<br>22 of 22 precincts reporting,77.14254719027988,"<b>Tyler Paul Smith (I)</b><br>7,111 votes",22,22
283,DEM,SHD18D,State House of Representatives - District 18 - Dem<br>22 of 22 precincts reporting,100.0,"<b>Pat Rhudy</b><br>1,601 votes",22,22
287,REP,SHD19R,State House of Representatives - District 19 - Rep<br>12 of 12 precincts reporting,100.0,"<b>Joseph Gullett (I)</b><br>6,037 votes",12,12
286,DEM,SHD19D,State House of Representatives - District 19 - Dem<br>12 of 12 precincts reporting,100.0,"<b>Cynthia Starke-Jones</b><br>6,021 votes",12,12
293,REP,SHD20R,State House of Representatives - District 20 - Rep<br>8 of 10 precincts reporting,52.30067707613652,"<b>Charlice Byrd (I)</b><br>3,785 votes",10,8
294,REP,SHD20R,State House of Representatives - District 20 - Rep<br>8 of 10 precincts reporting,47.69932292386348,"<b>Mark Fernandez</b><br>3,452 votes",10,8
291,DEM,SHD20D,State House of Representatives - District 20 - Dem<br>8 of 10 precincts reporting,70.20749458036543,"<b>Jason D. Tanner</b><br>2,267 votes",10,8
292,DEM,SHD20D,State House of Representatives - District 20 - Dem<br>8 of 10 precincts reporting,29.792505419634562,<b>Erik Zeil</b><br>962 votes,10,8
296,REP,SHD21R,State House of Representatives - District 21 - Rep<br>10 of 11 precincts reporting,100.0,"<b>Brad Thomas (I)</b><br>8,954 votes",11,10
295,DEM,SHD21D,State House of Representatives - District 21 - Dem<br>10 of 11 precincts reporting,100.0,"<b>Anthony Aragues</b><br>3,198 votes",11,10
298,REP,SHD22R,State House of Representatives - District 22 - Rep<br>12 of 15 precincts reporting,100.0,"<b>Jordan Ridley (I)</b><br>4,915 votes",15,12
297,DEM,SHD22D,State House of Representatives - District 22 - Dem<br>12 of 15 precincts reporting,100.0,"<b>James Shade</b><br>4,302 votes",15,12
300,REP,SHD23R,State House of Representatives - District 23 - Rep<br>7 of 8 precincts reporting,100.0,"<b>Bill Fincher (I)</b><br>7,711 votes",8,7
299,DEM,SHD23D,State House of Representatives - District 23 - Dem<br>7 of 8 precincts reporting,100.0,"<b>Rob Epstein</b><br>2,489 votes",8,7
302,REP,SHD24R,State House of Representatives - District 24 - Rep<br>9 of 9 precincts reporting,100.0,"<b>Carter Barrett (I)</b><br>4,293 votes",9,9
301,DEM,SHD24D,State House of Representatives - District 24 - Dem<br>9 of 9 precincts reporting,100.0,"<b>Maureen Gault</b><br>2,332 votes",9,9
305,REP,SHD25R,State House of Representatives - District 25 - Rep<br>8 of 8 precincts reporting,87.52660706683695,"<b>Todd Jones (I)</b><br>4,112 votes",8,8
306,REP,SHD25R,State House of Representatives - District 25 - Rep<br>8 of 8 precincts reporting,12.473392933163048,<b>Mathew Philip</b><br>586 votes,8,8
303,DEM,SHD25D,State House of Representatives - District 25 - Dem<br>8 of 8 precincts reporting,78.63161442534546,"<b>Elaine Padgett</b><br>2,333 votes",8,8
304,DEM,SHD25D,State House of Representatives - District 25 - Dem<br>8 of 8 precincts reporting,21.368385574654532,<b>Metin Vargonen</b><br>634 votes,8,8
308,REP,SHD26R,State House of Representatives - District 26 - Rep<br>10 of 10 precincts reporting,100.0,"<b>Lauren W. McDonald III (I)</b><br>4,977 votes",10,10
307,DEM,SHD26D,State House of Representatives - District 26 - Dem<br>10 of 10 precincts reporting,100.0,"<b>Meredith Greene</b><br>1,991 votes",10,10
310,REP,SHD27R,State House of Representatives - District 27 - Rep<br>13 of 13 precincts reporting,100.0,"<b>Lee Hawkins (I)</b><br>10,290 votes",13,13
309,DEM,SHD27D,State House of Representatives - District 27 - Dem<br>13 of 13 precincts reporting,100.0,"<b>Jay Kirkland</b><br>1,680 votes",13,13
312,REP,SHD28R,State House of Representatives - District 28 - Rep<br>11 of 11 precincts reporting,100.0,"<b>Brent Cox (I)</b><br>6,526 votes",11,11
311,DEM,SHD28D,State House of Representatives - District 28 - Dem<br>11 of 11 precincts reporting,100.0,"<b>Mateo Sanabria</b><br>1,615 votes",11,11
314,REP,SHD29R,State House of Representatives - District 29 - Rep<br>8 of 8 precincts reporting,86.88400303260046,"<b>Matt Dubnik (I)</b><br>3,438 votes",8,8
315,REP,SHD29R,State House of Representatives - District 29 - Rep<br>8 of 8 precincts reporting,13.115996967399546,<b>Cody S. Ewing</b><br>519 votes,8,8
313,DEM,SHD29D,State House of Representatives - District 29 - Dem<br>8 of 8 precincts reporting,100.0,"<b>Scott Soracco</b><br>2,249 votes",8,8
320,REP,SHD30R,State House of Representatives - District 30 - Rep<br>8 of 8 precincts reporting,100.0,"<b>Derrick McCollum (I)</b><br>8,172 votes",8,8
319,DEM,SHD30D,State House of Representatives - District 30 - Dem<br>8 of 8 precincts reporting,100.0,"<b>Braden Michael Doxey</b><br>2,836 votes",8,8
321,REP,SHD31R,State House of Representatives - District 31 - Rep<br>4 of 4 precincts reporting,100.0,"<b>Chad Bingham</b><br>7,263 votes",4,4
323,REP,SHD32R,State House of Representatives - District 32 - Rep<br>17 of 17 precincts reporting,100.0,"<b>Chris Erwin (I)</b><br>7,991 votes",17,17
322,DEM,SHD32D,State House of Representatives - District 32 - Dem<br>17 of 17 precincts reporting,100.0,"<b>Rebecca Sims</b><br>1,205 votes",17,17
324,REP,SHD33R,State House of Representatives - District 33 - Rep<br>20 of 20 precincts reporting,100.0,"<b>Alan Powell (I)</b><br>8,412 votes",20,20
326,REP,SHD34R,State House of Representatives - District 34 - Rep<br>15 of 17 precincts reporting,100.0,"<b>Devan Seabaugh (I)</b><br>7,708 votes",17,15
325,DEM,SHD34D,State House of Representatives - District 34 - Dem<br>15 of 17 precincts reporting,100.0,"<b>Titus Nichols</b><br>6,603 votes",17,15
328,REP,SHD35R,State House of Representatives - District 35 - Rep<br>11 of 12 precincts reporting,100.0,"<b>Elvis Casely</b><br>2,037 votes",12,11
327,DEM,SHD35D,State House of Representatives - District 35 - Dem<br>11 of 12 precincts reporting,100.0,"<b>Lisa Gayle Campbell (I)</b><br>4,587 votes",12,11
330,REP,SHD36R,State House of Representatives - District 36 - Rep<br>14 of 14 precincts reporting,100.0,"<b>Ginny Ehrhart (I)</b><br>7,161 votes",14,14
329,DEM,SHD36D,State House of Representatives - District 36 - Dem<br>14 of 14 precincts reporting,100.0,"<b>Luc ""Luke"" Noiset</b><br>5,230 votes",14,14
331,DEM,SHD37D,State House of Representatives - District 37 - Dem<br>12 of 16 precincts reporting,25.47355958958169,"<b>Graham Salter Bowers</b><br>1,291 votes",16,12
332,DEM,SHD37D,State House of Representatives - District 37 - Dem<br>12 of 16 precincts reporting,74.52644041041832,"<b>Mary Frances Williams (I)</b><br>3,777 votes",16,12
333,DEM,SHD38D,State House of Representatives - District 38 - Dem<br>10 of 13 precincts reporting,100.0,"<b>David Wilkerson (I)</b><br>8,408 votes",13,10
334,DEM,SHD39D,State House of Representatives - District 39 - Dem<br>12 of 14 precincts reporting,100.0,"<b>Terry Cummings (I)</b><br>8,743 votes",14,12
339,REP,SHD40R,State House of Representatives - District 40 - Rep<br>9 of 9 precincts reporting,100.0,"<b>Kimberly R. New (I)</b><br>5,117 votes",9,9
338,DEM,SHD40D,State House of Representatives - District 40 - Dem<br>9 of 9 precincts reporting,100.0,"<b>Elisa Lassiter</b><br>5,313 votes",9,9
340,DEM,SHD41D,State House of Representatives - District 41 - Dem<br>9 of 13 precincts reporting,100.0,"<b>Michael Smith (I)</b><br>4,967 votes",13,9
343,REP,SHD42R,State House of Representatives - District 42 - Rep<br>12 of 15 precincts reporting,100.0,"<b>André Stafford</b><br>1,911 votes",15,12
341,DEM,SHD42D,State House of Representatives - District 42 - Dem<br>12 of 15 precincts reporting,82.08109286440924,"<b>Gabriel Sanchez (I)</b><br>5,648 votes",15,12
342,DEM,SHD42D,State House of Representatives - District 42 - Dem<br>12 of 15 precincts reporting,17.918907135590757,"<b>Carlos Vilela</b><br>1,233 votes",15,12
344,DEM,SHD43D,State House of Representatives - District 43 - Dem<br>12 of 12 precincts reporting,100.0,"<b>Solomon Adesanya (I)</b><br>5,296 votes",12,12
346,REP,SHD44R,State House of Representatives - District 44 - Rep<br>10 of 13 precincts reporting,100.0,"<b>Don L. Parsons (I)</b><br>4,396 votes",13,10
345,DEM,SHD44D,State House of Representatives - District 44 - Dem<br>10 of 13 precincts reporting,100.0,"<b>Danielle Bell</b><br>4,457 votes",13,10
348,REP,SHD45R,State House of Representatives - District 45 - Rep<br>10 of 14 precincts reporting,100.0,"<b>Sharon Cooper (I)</b><br>5,997 votes",14,10
347,DEM,SHD45D,State House of Representatives - District 45 - Dem<br>10 of 14 precincts reporting,100.0,"<b>Michelle Schreiner</b><br>4,472 votes",14,10
350,REP,SHD46R,State House of Representatives - District 46 - Rep<br>11 of 14 precincts reporting,100.0,"<b>John Carson (I)</b><br>5,730 votes",14,11
349,DEM,SHD46D,State House of Representatives - District 46 - Dem<br>11 of 14 precincts reporting,100.0,"<b>Dumont J. Walker</b><br>4,627 votes",14,11
352,REP,SHD47R,State House of Representatives - District 47 - Rep<br>16 of 18 precincts reporting,36.009369676320276,"<b>Brian Cochran</b><br>1,691 votes",18,16
353,REP,SHD47R,State House of Representatives - District 47 - Rep<br>16 of 18 precincts reporting,13.309199318568995,<b>P. Phoebe Eckhardt</b><br>625 votes,18,16
354,REP,SHD47R,State House of Representatives - District 47 - Rep<br>16 of 18 precincts reporting,50.68143100511073,"<b>Jack Miller</b><br>2,380 votes",18,16
351,DEM,SHD47D,State House of Representatives - District 47 - Dem<br>16 of 18 precincts reporting,100.0,"<b>Lindsay Defranco</b><br>3,675 votes",18,16
356,REP,SHD48R,State House of Representatives - District 48 - Rep<br>20 of 22 precincts reporting,100.0,"<b>Scott Hilton (I)</b><br>5,440 votes",22,20
355,DEM,SHD48D,State House of Representatives - District 48 - Dem<br>20 of 22 precincts reporting,100.0,"<b>Adam Cleveland</b><br>5,176 votes",22,20
358,REP,SHD49R,State House of Representatives - District 49 - Rep<br>17 of 20 precincts reporting,100.0,"<b>Charles E. ""Chuck"" Martin (I)</b><br>6,053 votes",20,17
357,DEM,SHD49D,State House of Representatives - District 49 - Dem<br>17 of 20 precincts reporting,100.0,"<b>Teresa Lin</b><br>4,803 votes",20,17
363,REP,SHD50R,State House of Representatives - District 50 - Rep<br>12 of 16 precincts reporting,100.0,"<b>Azure Duan</b><br>2,535 votes",16,12
362,DEM,SHD50D,State House of Representatives - District 50 - Dem<br>12 of 16 precincts reporting,100.0,"<b>Michelle Au (I)</b><br>4,283 votes",16,12
366,REP,SHD51R,State House of Representatives - District 51 - Rep<br>11 of 17 precincts reporting,100.0,"<b>Keith Gettmann</b><br>2,683 votes",17,11
364,DEM,SHD51D,State House of Representatives - District 51 - Dem<br>11 of 17 precincts reporting,43.092635728364094,"<b>Aaron Baker</b><br>2,405 votes",17,11
365,DEM,SHD51D,State House of Representatives - District 51 - Dem<br>11 of 17 precincts reporting,56.907364271635906,"<b>Esther Panitch (I)</b><br>3,176 votes",17,11
367,DEM,SHD52D,State House of Representatives - District 52 - Dem<br>24 of 24 precincts reporting,100.0,"<b>Shea Roberts (I)</b><br>6,554 votes",24,24
370,REP,SHD53R,State House of Representatives - District 53 - Rep<br>20 of 22 precincts reporting,100.0,"<b>Deborah Silcox (I)</b><br>5,527 votes",22,20
368,DEM,SHD53D,State House of Representatives - District 53 - Dem<br>20 of 22 precincts reporting,19.607843137254903,"<b>Tim Dorr</b><br>1,140 votes",22,20
369,DEM,SHD53D,State House of Representatives - District 53 - Dem<br>20 of 22 precincts reporting,80.3921568627451,"<b>Beth Fuller</b><br>4,674 votes",22,20
373,REP,SHD54R,State House of Representatives - District 54 - Rep<br>18 of 19 precincts reporting,100.0,"<b>Greg Miller</b><br>2,742 votes",19,18
371,DEM,SHD54D,State House of Representatives - District 54 - Dem<br>18 of 19 precincts reporting,83.92802214703168,"<b>Betsy Holland (I)</b><br>5,457 votes",19,18
372,DEM,SHD54D,State House of Representatives - District 54 - Dem<br>18 of 19 precincts reporting,16.071977852968317,"<b>Derrick Tuff II</b><br>1,045 votes",19,18
375,REP,SHD55R,State House of Representatives - District 55 - Rep<br>30 of 30 precincts reporting,100.0,"<b>Samuel S. Lenaeus</b><br>1,227 votes",30,30
374,DEM,SHD55D,State House of Representatives - District 55 - Dem<br>30 of 30 precincts reporting,100.0,"<b>Inga S. Willis (I)</b><br>8,749 votes",30,30
376,DEM,SHD56D,State House of Representatives - District 56 - Dem<br>24 of 27 precincts reporting,100.0,"<b>Bryce Berry (I)</b><br>6,545 votes",27,24
379,REP,SHD57R,State House of Representatives - District 57 - Rep<br>17 of 20 precincts reporting,100.0,"<b>Helmut Lucero Love</b><br>1,244 votes",20,17
377,DEM,SHD57D,State House of Representatives - District 57 - Dem<br>17 of 20 precincts reporting,85.263053009167,"<b>Stacey Evans (I)</b><br>8,557 votes",20,17
378,DEM,SHD57D,State House of Representatives - District 57 - Dem<br>17 of 20 precincts reporting,14.736946990833003,"<b>Jeremiah Olney</b><br>1,479 votes",20,17
384,REP,SHD58R,State House of Representatives - District 58 - Rep<br>16 of 24 precincts reporting,100.0,<b>Torrey Balam</b><br>380 votes,24,16
380,DEM,SHD58D,State House of Representatives - District 58 - Dem<br>16 of 24 precincts reporting,38.79736408566721,"<b>Demetria Henderson</b><br>3,297 votes",24,16
381,DEM,SHD58D,State House of Representatives - District 58 - Dem<br>16 of 24 precincts reporting,9.71993410214168,<b>Edith M. Ladipo</b><br>826 votes,24,16
382,DEM,SHD58D,State House of Representatives - District 58 - Dem<br>16 of 24 precincts reporting,22.240527182866558,"<b>Kyle Lamont</b><br>1,890 votes",24,16
383,DEM,SHD58D,State House of Representatives - District 58 - Dem<br>16 of 24 precincts reporting,29.242174629324545,"<b>Mathewos Samson</b><br>2,485 votes",24,16
386,REP,SHD59R,State House of Representatives - District 59 - Rep<br>15 of 24 precincts reporting,100.0,"<b>Devanta ""Sully"" Sullivan</b><br>198 votes",24,15
385,DEM,SHD59D,State House of Representatives - District 59 - Dem<br>15 of 24 precincts reporting,100.0,"<b>Phil A. Olaleye (I)</b><br>7,687 votes",24,15
389,DEM,SHD60D,State House of Representatives - District 60 - Dem<br>20 of 22 precincts reporting,100.0,"<b>Sheila Jones (I)</b><br>9,051 votes",22,20
392,REP,SHD61R,State House of Representatives - District 61 - Rep<br>9 of 20 precincts reporting,100.0,"<b>Damita Bishop</b><br>1,307 votes",20,9
390,DEM,SHD61D,State House of Representatives - District 61 - Dem<br>9 of 20 precincts reporting,19.42132765628024,"<b>Grace McClain</b><br>2,007 votes",20,9
391,DEM,SHD61D,State House of Representatives - District 61 - Dem<br>9 of 20 precincts reporting,80.57867234371976,"<b>Mekyah McQueen (I)</b><br>8,327 votes",20,9
393,DEM,SHD62D,State House of Representatives - District 62 - Dem<br>19 of 30 precincts reporting,31.436655139893116,"<b>Kavon Arnold</b><br>3,000 votes",30,19
394,DEM,SHD62D,State House of Representatives - District 62 - Dem<br>19 of 30 precincts reporting,38.824269097768,"<b>Kenn Collier</b><br>3,705 votes",30,19
395,DEM,SHD62D,State House of Representatives - District 62 - Dem<br>19 of 30 precincts reporting,23.975688986691814,"<b>Matt Rinker</b><br>2,288 votes",30,19
396,DEM,SHD62D,State House of Representatives - District 62 - Dem<br>19 of 30 precincts reporting,5.763386775647071,<b>W Horace Roseberry III</b><br>550 votes,30,19
397,DEM,SHD63D,State House of Representatives - District 63 - Dem<br>9 of 28 precincts reporting,100.0,"<b>Kim Schofield (I)</b><br>5,434 votes",28,9
399,REP,SHD64R,State House of Representatives - District 64 - Rep<br>10 of 10 precincts reporting,100.0,"<b>Lydia Parchue</b><br>2,131 votes",10,10
398,DEM,SHD64D,State House of Representatives - District 64 - Dem<br>10 of 10 precincts reporting,100.0,"<b>Sylvia Wayfer Baker (I)</b><br>10,057 votes",10,10
401,REP,SHD65R,State House of Representatives - District 65 - Rep<br>7 of 35 precincts reporting,100.0,"<b>Gordon W. Rolle, Jr.</b><br>1,223 votes",35,7
400,DEM,SHD65D,State House of Representatives - District 65 - Dem<br>7 of 35 precincts reporting,100.0,"<b>Robert Dawson (I)</b><br>8,910 votes",35,7
402,DEM,SHD66D,State House of Representatives - District 66 - Dem<br>12 of 12 precincts reporting,81.191381495564,"<b>Kimberly Alexander (I)</b><br>6,406 votes",12,12
403,DEM,SHD66D,State House of Representatives - District 66 - Dem<br>12 of 12 precincts reporting,18.808618504435994,"<b>Derrian Smith</b><br>1,484 votes",12,12
405,REP,SHD67R,State House of Representatives - District 67 - Rep<br>7 of 14 precincts reporting,100.0,"<b>Daniel Cook</b><br>1,720 votes",14,7
404,DEM,SHD67D,State House of Representatives - District 67 - Dem<br>7 of 14 precincts reporting,100.0,"<b>Lydia Glaize (I)</b><br>7,563 votes",14,7
406,DEM,SHD68D,State House of Representatives - District 68 - Dem<br>6 of 25 precincts reporting,27.77598970067589,"<b>Mark Baker</b><br>1,726 votes",25,6
407,DEM,SHD68D,State House of Representatives - District 68 - Dem<br>6 of 25 precincts reporting,13.292565175410365,<b>Jonathan Bonner</b><br>826 votes,25,6
408,DEM,SHD68D,State House of Representatives - District 68 - Dem<br>6 of 25 precincts reporting,11.683295783714193,<b>Courtney Heard</b><br>726 votes,25,6
409,DEM,SHD68D,State House of Representatives - District 68 - Dem<br>6 of 25 precincts reporting,17.927261023495333,"<b>Quentin ""Q"" Pullen</b><br>1,114 votes",25,6
410,DEM,SHD68D,State House of Representatives - District 68 - Dem<br>6 of 25 precincts reporting,17.573221757322173,"<b>Timoria McQueen Saba</b><br>1,092 votes",25,6
411,DEM,SHD68D,State House of Representatives - District 68 - Dem<br>6 of 25 precincts reporting,11.74766655938204,<b>Jane Williams</b><br>730 votes,25,6
412,DEM,SHD69D,State House of Representatives - District 69 - Dem<br>15 of 23 precincts reporting,79.56100595396784,"<b>Debra Bazemore (I)</b><br>8,953 votes",23,15
413,DEM,SHD69D,State House of Representatives - District 69 - Dem<br>15 of 23 precincts reporting,10.432773482626855,"<b>Cobie Lyrix Brown</b><br>1,174 votes",23,15
414,DEM,SHD69D,State House of Representatives - District 69 - Dem<br>15 of 23 precincts reporting,10.006220563405314,"<b>September R. Cooper</b><br>1,126 votes",23,15
419,REP,SHD70R,State House of Representatives - District 70 - Rep<br>11 of 13 precincts reporting,100.0,"<b>Melissa Stuckey</b><br>4,295 votes",13,11
417,DEM,SHD70D,State House of Representatives - District 70 - Dem<br>11 of 13 precincts reporting,50.53669857847404,"<b>Diane Boulai</b><br>1,742 votes",13,11
418,DEM,SHD70D,State House of Representatives - District 70 - Dem<br>11 of 13 precincts reporting,49.46330142152596,"<b>Pierre Whatley</b><br>1,705 votes",13,11
422,REP,SHD71R,State House of Representatives - District 71 - Rep<br>12 of 12 precincts reporting,100.0,"<b>Justin ""Jutt"" Howard (I)</b><br>5,170 votes",12,12
420,DEM,SHD71D,State House of Representatives - District 71 - Dem<br>12 of 12 precincts reporting,56.90133037694013,"<b>Anna Higgins</b><br>2,053 votes",12,12
421,DEM,SHD71D,State House of Representatives - District 71 - Dem<br>12 of 12 precincts reporting,43.09866962305986,"<b>Brandolynn Yarbrough</b><br>1,555 votes",12,12
423,REP,SHD72R,State House of Representatives - District 72 - Rep<br>17 of 17 precincts reporting,100.0,"<b>David Huddleston (I)</b><br>6,955 votes",17,17
425,REP,SHD73R,State House of Representatives - District 73 - Rep<br>12 of 14 precincts reporting,100.0,"<b>Josh Bonner (I)</b><br>6,961 votes",14,12
424,DEM,SHD73D,State House of Representatives - District 73 - Dem<br>12 of 14 precincts reporting,100.0,"<b>Tim Wilkinson</b><br>3,750 votes",14,12
426,DEM,SHD74D,State House of Representatives - District 74 - Dem<br>14 of 14 precincts reporting,100.0,"<b>Robert Flournoy, Jr. (I)</b><br>9,931 votes",14,14
427,DEM,SHD75D,State House of Representatives - District 75 - Dem<br>14 of 14 precincts reporting,100.0,"<b>Eric W. Bell II (I)</b><br>8,259 votes",14,14
428,DEM,SHD76D,State House of Representatives - District 76 - Dem<br>14 of 14 precincts reporting,100.0,"<b>Sandra G. Scott (I)</b><br>8,744 votes",14,14
429,DEM,SHD77D,State House of Representatives - District 77 - Dem<br>15 of 15 precincts reporting,100.0,"<b>Rhonda Burnough (I)</b><br>7,284 votes",15,15
430,DEM,SHD78D,State House of Representatives - District 78 - Dem<br>12 of 14 precincts reporting,100.0,"<b>Demetrius Douglas (I)</b><br>8,391 votes",14,12
432,REP,SHD79R,State House of Representatives - District 79 - Rep<br>12 of 12 precincts reporting,100.0,<b>David Hamrick</b><br>361 votes,12,12
431,DEM,SHD79D,State House of Representatives - District 79 - Dem<br>12 of 12 precincts reporting,100.0,"<b>Yasmin Neal (I)</b><br>5,630 votes",12,12
435,REP,SHD80R,State House of Representatives - District 80 - Rep<br>15 of 15 precincts reporting,100.0,"<b>Brian Anderson</b><br>2,970 votes",15,15
434,DEM,SHD80D,State House of Representatives - District 80 - Dem<br>15 of 15 precincts reporting,100.0,"<b>Long Tran (I)</b><br>5,849 votes",15,15
437,REP,SHD81R,State House of Representatives - District 81 - Rep<br>10 of 11 precincts reporting,100.0,"<b>Noelle Kahaian (I)</b><br>5,421 votes",11,10
436,DEM,SHD81D,State House of Representatives - District 81 - Dem<br>10 of 11 precincts reporting,100.0,"<b>Mishael White</b><br>6,399 votes",11,10
440,REP,SHD82R,State House of Representatives - District 82 - Rep<br>14 of 15 precincts reporting,100.0,"<b>Karen I. Mathiak (I)</b><br>7,629 votes",15,14
438,DEM,SHD82D,State House of Representatives - District 82 - Dem<br>14 of 15 precincts reporting,70.48758049678014,"<b>Anthony Dickson</b><br>3,831 votes",15,14
439,DEM,SHD82D,State House of Representatives - District 82 - Dem<br>14 of 15 precincts reporting,29.51241950321987,"<b>William Harris</b><br>1,604 votes",15,14
442,REP,SHD83R,State House of Representatives - District 83 - Rep<br>11 of 11 precincts reporting,100.0,"<b>James ""Trip"" Smith</b><br>1,576 votes",11,11
441,DEM,SHD83D,State House of Representatives - District 83 - Dem<br>11 of 11 precincts reporting,100.0,"<b>Karen Lupton (I)</b><br>5,278 votes",11,11
443,DEM,SHD84D,State House of Representatives - District 84 - Dem<br>18 of 18 precincts reporting,100.0,"<b>Mary Margaret Oliver (I)</b><br>13,598 votes",18,18
445,REP,SHD85R,State House of Representatives - District 85 - Rep<br>19 of 19 precincts reporting,100.0,<b>Tyion Fields</b><br>633 votes,19,19
444,DEM,SHD85D,State House of Representatives - District 85 - Dem<br>19 of 19 precincts reporting,100.0,"<b>Karla L. Drenner (I)</b><br>9,615 votes",19,19
446,DEM,SHD86D,State House of Representatives - District 86 - Dem<br>16 of 16 precincts reporting,100.0,"<b>Imani Barnes (I)</b><br>8,801 votes",16,16
448,REP,SHD87R,State House of Representatives - District 87 - Rep<br>20 of 20 precincts reporting,100.0,"<b>Timothy J. Burson</b><br>1,569 votes",20,20
447,DEM,SHD87D,State House of Representatives - District 87 - Dem<br>20 of 20 precincts reporting,100.0,"<b>Viola Davis (I)</b><br>9,009 votes",20,20
450,REP,SHD88R,State House of Representatives - District 88 - Rep<br>17 of 17 precincts reporting,100.0,"<b>William Park Freeman</b><br>1,161 votes",17,17
449,DEM,SHD88D,State House of Representatives - District 88 - Dem<br>17 of 17 precincts reporting,100.0,"<b>Billy Mitchell (I)</b><br>9,069 votes",17,17
451,DEM,SHD89D,State House of Representatives - District 89 - Dem<br>19 of 19 precincts reporting,100.0,"<b>Omari Crawford (I)</b><br>13,267 votes",19,19
456,REP,SHD90R,State House of Representatives - District 90 - Rep<br>16 of 19 precincts reporting,100.0,<b>Samantha Boston</b><br>540 votes,19,16
454,DEM,SHD90D,State House of Representatives - District 90 - Dem<br>16 of 19 precincts reporting,66.97238658777121,"<b>Bentley Hudgins</b><br>6,791 votes",19,16
455,DEM,SHD90D,State House of Representatives - District 90 - Dem<br>16 of 19 precincts reporting,33.027613412228796,"<b>Leisa Stafford</b><br>3,349 votes",19,16
457,DEM,SHD91D,State House of Representatives - District 91 - Dem<br>13 of 13 precincts reporting,26.663250491075242,"<b>Stacey Garel</b><br>3,122 votes",13,13
458,DEM,SHD91D,State House of Representatives - District 91 - Dem<br>13 of 13 precincts reporting,73.33674950892475,"<b>Angela Moore (I)</b><br>8,587 votes",13,13
459,DEM,SHD92D,State House of Representatives - District 92 - Dem<br>9 of 9 precincts reporting,20.445062586926284,"<b>Shawn Brown</b><br>2,352 votes",9,9
460,DEM,SHD92D,State House of Representatives - District 92 - Dem<br>9 of 9 precincts reporting,15.872739916550765,"<b>Arthur Demoine Kinney</b><br>1,826 votes",9,9
461,DEM,SHD92D,State House of Representatives - District 92 - Dem<br>9 of 9 precincts reporting,63.68219749652295,"<b>Rhonda Taylor (I)</b><br>7,326 votes",9,9
462,DEM,SHD93D,State House of Representatives - District 93 - Dem<br>11 of 13 precincts reporting,100.0,"<b>Doreen Carter (I)</b><br>7,564 votes",13,11
463,DEM,SHD94D,State House of Representatives - District 94 - Dem<br>14 of 14 precincts reporting,13.100519112789053,"<b>Elmore Alexander</b><br>1,388 votes",14,14
464,DEM,SHD94D,State House of Representatives - District 94 - Dem<br>14 of 14 precincts reporting,19.697970740915526,"<b>Kelly Kautz</b><br>2,087 votes",14,14
465,DEM,SHD94D,State House of Representatives - District 94 - Dem<br>14 of 14 precincts reporting,48.35299669655498,"<b>Venola Mason</b><br>5,123 votes",14,14
466,DEM,SHD94D,State House of Representatives - District 94 - Dem<br>14 of 14 precincts reporting,18.848513449740445,"<b>Ikenna Emmanuel Ugwumadu</b><br>1,997 votes",14,14
470,REP,SHD95R,State House of Representatives - District 95 - Rep<br>10 of 11 precincts reporting,100.0,"<b>Reggie Hall</b><br>1,079 votes",11,10
467,DEM,SHD95D,State House of Representatives - District 95/ Para la Cámara de Representantes del Estado Distrito 95 - Dem<br>10 of 11 precincts reporting,13.769271664008507,"<b>Zae Brewer</b><br>1,295 votes",11,10
468,DEM,SHD95D,State House of Representatives - District 95/ Para la Cámara de Representantes del Estado Distrito 95 - Dem<br>10 of 11 precincts reporting,30.66454013822435,"<b>Stacy Jay Johnson</b><br>2,884 votes",11,10
469,DEM,SHD95D,State House of Representatives - District 95/ Para la Cámara de Representantes del Estado Distrito 95 - Dem<br>10 of 11 precincts reporting,55.56618819776714,"<b>Darshun Nicole Kendrick (I)</b><br>5,226 votes",11,10
471,DEM,SHD96D,State House of Representatives - District 96/ Para la Cámara de Representantes del Estado Distrito 96 - Dem<br>10 of 10 precincts reporting,68.6096256684492,"<b>Arlene Beckles (I)</b><br>2,566 votes",10,10
472,DEM,SHD96D,State House of Representatives - District 96/ Para la Cámara de Representantes del Estado Distrito 96 - Dem<br>10 of 10 precincts reporting,31.390374331550802,"<b>Tanjina Islam</b><br>1,174 votes",10,10
475,REP,SHD97R,State House of Representatives - District 97/ Para la Cámara de Representantes del Estado Distrito 97 - Rep<br>10 of 11 precincts reporting,100.0,"<b>Yassin Moghazy</b><br>2,100 votes",11,10
473,DEM,SHD97D,State House of Representatives - District 97/ Para la Cámara de Representantes del Estado Distrito 97 - Dem<br>10 of 11 precincts reporting,40.81669044222539,"<b>Jacques Laurent</b><br>2,289 votes",11,10
474,DEM,SHD97D,State House of Representatives - District 97/ Para la Cámara de Representantes del Estado Distrito 97 - Dem<br>10 of 11 precincts reporting,59.18330955777461,"<b>Jyot Singh</b><br>3,319 votes",11,10
476,DEM,SHD98D,State House of Representatives - District 98/ Para la Cámara de Representantes del Estado Distrito 98 - Dem<br>8 of 8 precincts reporting,61.40536723163842,"<b>Marvin Lim (I)</b><br>1,739 votes",8,8
477,DEM,SHD98D,State House of Representatives - District 98/ Para la Cámara de Representantes del Estado Distrito 98 - Dem<br>8 of 8 precincts reporting,38.59463276836158,"<b>Brenda Lopez Romero</b><br>1,093 votes",8,8
480,REP,SHD99R,State House of Representatives - District 99/ Para la Cámara de Representantes del Estado Distrito 99 - Rep<br>10 of 10 precincts reporting,100.0,"<b>Matt Reeves (I)</b><br>3,610 votes",10,10
478,DEM,SHD99D,State House of Representatives - District 99/ Para la Cámara de Representantes del Estado Distrito 99 - Dem<br>10 of 10 precincts reporting,28.501781361335084,"<b>Shelly John Abraham</b><br>1,520 votes",10,10
479,DEM,SHD99D,State House of Representatives - District 99/ Para la Cámara de Representantes del Estado Distrito 99 - Dem<br>10 of 10 precincts reporting,71.49821863866491,"<b>Michelle Kang</b><br>3,813 votes",10,10
100,REP,SHD100R,State House of Representatives - District 100 - Rep<br>9 of 9 precincts reporting,78.57554233058168,"<b>Josh Clark</b><br>4,093 votes",9,9
101,REP,SHD100R,State House of Representatives - District 100 - Rep<br>9 of 9 precincts reporting,21.424457669418313,"<b>Edwin Duncan</b><br>1,116 votes",9,9
99,DEM,SHD100D,State House of Representatives - District 100 - Dem<br>9 of 9 precincts reporting,100.0,"<b>Jennifer Ambler</b><br>3,291 votes",9,9
103,REP,SHD101R,State House of Representatives - District 101 - Rep<br>16 of 16 precincts reporting,100.0,"<b>Jennifer Hutchison</b><br>1,809 votes",16,16
102,DEM,SHD101D,State House of Representatives - District 101 - Dem<br>16 of 16 precincts reporting,100.0,"<b>Scott Holcomb (I)</b><br>7,763 votes",16,16
104,DEM,SHD102D,State House of Representatives - District 102/ Para la Cámara de Representantes del Estado Distrito 102 - Dem<br>7 of 9 precincts reporting,100.0,"<b>Gabe Okoye (I)</b><br>4,934 votes",9,7
106,REP,SHD103R,State House of Representatives - District 103 - Rep<br>11 of 11 precincts reporting,100.0,"<b>Soo Hong (I)</b><br>4,620 votes",11,11
105,DEM,SHD103D,State House of Representatives - District 103 - Dem<br>11 of 11 precincts reporting,100.0,"<b>Chris Luchey</b><br>4,193 votes",11,11
107,REP,SHD104R,State House of Representatives - District 104 - Rep<br>10 of 10 precincts reporting,100.0,"<b>Chuck Efstration (I)</b><br>4,792 votes",10,10
109,REP,SHD105R,State House of Representatives - District 105/ Para la Cámara de Representantes del Estado Distrito 105 - Rep<br>10 of 10 precincts reporting,100.0,"<b>Sandy Donatucci (I)</b><br>3,542 votes",10,10
108,DEM,SHD105D,State House of Representatives - District 105/ Para la Cámara de Representantes del Estado Distrito 105 - Dem<br>10 of 10 precincts reporting,100.0,"<b>Farooq Mughal</b><br>5,420 votes",10,10
110,DEM,SHD106D,State House of Representatives - District 106/ Para la Cámara de Representantes del Estado Distrito 106 - Dem<br>12 of 12 precincts reporting,100.0,"<b>Akbar Ali (I)</b><br>5,370 votes",12,12
112,REP,SHD107R,State House of Representatives - District 107/ Para la Cámara de Representantes del Estado Distrito 107 - Rep<br>11 of 12 precincts reporting,100.0,"<b>Murray R. Berkowitz</b><br>2,165 votes",12,11
111,DEM,SHD107D,State House of Representatives - District 107/ Para la Cámara de Representantes del Estado Distrito 107 - Dem<br>11 of 12 precincts reporting,100.0,"<b>Sam Park (I)</b><br>5,245 votes",12,11
115,REP,SHD108R,State House of Representatives - District 108/ Para la Cámara de Representantes del Estado Distrito 108 - Rep<br>16 of 17 precincts reporting,100.0,"<b>Elvia Davila</b><br>3,638 votes",17,16
113,DEM,SHD108D,State House of Representatives - District 108/ Para la Cámara de Representantes del Estado Distrito 108 - Dem<br>16 of 17 precincts reporting,52.97716758692732,"<b>Rahim Asani</b><br>3,550 votes",17,16
114,DEM,SHD108D,State House of Representatives - District 108/ Para la Cámara de Representantes del Estado Distrito 108 - Dem<br>16 of 17 precincts reporting,47.02283241307267,"<b>Joshua C. Pressley</b><br>3,151 votes",17,16
116,DEM,SHD109D,State House of Representatives - District 109/ Para la Cámara de Representantes del Estado Distrito 109 - Dem<br>8 of 8 precincts reporting,67.05006765899864,"<b>Juan Estrada</b><br>1,982 votes",8,8
117,DEM,SHD109D,State House of Representatives - District 109/ Para la Cámara de Representantes del Estado Distrito 109 - Dem<br>8 of 8 precincts reporting,32.94993234100135,<b>Nico Parra</b><br>974 votes,8,8
121,REP,SHD110R,State House of Representatives - District 110/ Para la Cámara de Representantes del Estado Distrito 110 - Rep<br>8 of 9 precincts reporting,100.0,"<b>Charles Lollar</b><br>2,382 votes",9,8
120,DEM,SHD110D,State House of Representatives - District 110/ Para la Cámara de Representantes del Estado Distrito 110 - Dem<br>8 of 9 precincts reporting,100.0,"<b>Segun Adeyina (I)</b><br>8,586 votes",9,8
123,REP,SHD111R,State House of Representatives - District 111 - Rep<br>6 of 9 precincts reporting,100.0,"<b>Reynaldo ""Rey"" Martinez (I)</b><br>4,472 votes",9,6
122,DEM,SHD111D,State House of Representatives - District 111 - Dem<br>6 of 9 precincts reporting,100.0,"<b>Scott T. Jackson</b><br>4,171 votes",9,6
125,REP,SHD112R,State House of Representatives - District 112 - Rep<br>6 of 9 precincts reporting,100.0,"<b>Bruce Williamson (I)</b><br>6,461 votes",9,6
124,DEM,SHD112D,State House of Representatives - District 112 - Dem<br>6 of 9 precincts reporting,100.0,"<b>Lisa Maria</b><br>2,775 votes",9,6
128,REP,SHD113R,State House of Representatives - District 113 - Rep<br>9 of 9 precincts reporting,,<b>Don Scarbrough</b><br>0 votes,9,9
126,DEM,SHD113D,State House of Representatives - District 113 - Dem<br>9 of 9 precincts reporting,,<b>Karla Daniels Hooper</b><br>0 votes,9,9
127,DEM,SHD113D,State House of Representatives - District 113 - Dem<br>9 of 9 precincts reporting,,<b>Alana Sanders</b><br>0 votes,9,9
130,REP,SHD114R,State House of Representatives - District 114 - Rep<br>12 of 12 precincts reporting,80.79448456992777,"<b>Brett Mauldin</b><br>4,922 votes",12,12
131,REP,SHD114R,State House of Representatives - District 114 - Rep<br>12 of 12 precincts reporting,19.205515430072225,"<b>Wendell Delano McNeal</b><br>1,170 votes",12,12
129,DEM,SHD114D,State House of Representatives - District 114 - Dem<br>12 of 12 precincts reporting,100.0,"<b>Michael Caw</b><br>1,710 votes",12,12
133,REP,SHD115R,State House of Representatives - District 115 - Rep<br>14 of 15 precincts reporting,100.0,"<b>Darius L. Francis</b><br>1,403 votes",15,14
132,DEM,SHD115D,State House of Representatives - District 115 - Dem<br>14 of 15 precincts reporting,100.0,"<b>Regina Lewis-Ward (I)</b><br>14,698 votes",15,14
135,REP,SHD116R,State House of Representatives - District 116 - Rep<br>12 of 12 precincts reporting,100.0,"<b>Samie Lee Conyers</b><br>1,218 votes",12,12
134,DEM,SHD116D,State House of Representatives - District 116 - Dem<br>12 of 12 precincts reporting,100.0,"<b>El-Mahdi Holly (I)</b><br>11,695 votes",12,12
136,DEM,SHD117D,State House of Representatives - District 117 - Dem<br>5 of 7 precincts reporting,11.073615798025246,<b>Tony Brown</b><br>886 votes,7,5
137,DEM,SHD117D,State House of Representatives - District 117 - Dem<br>5 of 7 precincts reporting,27.096612923384576,"<b>Mary Ann Santos (I)</b><br>2,168 votes",7,5
138,DEM,SHD117D,State House of Representatives - District 117 - Dem<br>5 of 7 precincts reporting,29.50881139857518,"<b>Kim Thomas Smith</b><br>2,361 votes",7,5
139,DEM,SHD117D,State House of Representatives - District 117 - Dem<br>5 of 7 precincts reporting,17.172853393325834,"<b>Tiffany N. Walker</b><br>1,374 votes",7,5
140,DEM,SHD117D,State House of Representatives - District 117 - Dem<br>5 of 7 precincts reporting,15.148106486689164,"<b>Vincent Williams</b><br>1,212 votes",7,5
143,REP,SHD118R,State House of Representatives - District 118 - Rep<br>13 of 13 precincts reporting,100.0,"<b>Clint Crowe (I)</b><br>4,635 votes",13,13
141,DEM,SHD118D,State House of Representatives - District 118 - Dem<br>13 of 13 precincts reporting,68.48874598070739,"<b>Sharonda Bell</b><br>1,065 votes",13,13
142,DEM,SHD118D,State House of Representatives - District 118 - Dem<br>13 of 13 precincts reporting,31.511254019292608,<b>Jodi Lewis</b><br>490 votes,13,13
145,REP,SHD119R,State House of Representatives - District 119 - Rep<br>7 of 7 precincts reporting,100.0,"<b>Holt Persinger (I)</b><br>6,292 votes",7,7
144,DEM,SHD119D,State House of Representatives - District 119 - Dem<br>7 of 7 precincts reporting,100.0,"<b>Catherine Morris</b><br>2,569 votes",7,7
149,REP,SHD120R,State House of Representatives - District 120 - Rep<br>12 of 14 precincts reporting,58.79587503791326,"<b>Gary ""Ward"" Black, Jr.</b><br>3,877 votes",14,12
150,REP,SHD120R,State House of Representatives - District 120 - Rep<br>12 of 14 precincts reporting,41.204124962086745,"<b>Chad Paton</b><br>2,717 votes",14,12
148,DEM,SHD120D,State House of Representatives - District 120 - Dem<br>12 of 14 precincts reporting,100.0,"<b>Suzanna Karatassos</b><br>4,759 votes",14,12
152,REP,SHD121R,State House of Representatives - District 121 - Rep<br>12 of 13 precincts reporting,100.0,"<b>Mack ""Dutch"" Guest IV</b><br>7,550 votes",13,12
151,DEM,SHD121D,State House of Representatives - District 121 - Dem<br>12 of 13 precincts reporting,100.0,"<b>Eric Gisler (I)</b><br>5,893 votes",13,12
154,REP,SHD122R,State House of Representatives - District 122 - Rep<br>10 of 15 precincts reporting,100.0,<b>Carol Hubbard</b><br>793 votes,15,10
153,DEM,SHD122D,State House of Representatives - District 122 - Dem<br>10 of 15 precincts reporting,100.0,"<b>Spencer Frye (I)</b><br>5,080 votes",15,10
156,REP,SHD123R,State House of Representatives - District 123 - Rep<br>31 of 31 precincts reporting,100.0,"<b>Rob Leverett (I)</b><br>6,678 votes",31,31
155,DEM,SHD123D,State House of Representatives - District 123 - Dem<br>31 of 31 precincts reporting,100.0,"<b>Hope S. Beard</b><br>2,787 votes",31,31
158,REP,SHD124R,State House of Representatives - District 124 - Rep<br>18 of 18 precincts reporting,100.0,"<b>Trey Rhodes (I)</b><br>9,200 votes",18,18
157,DEM,SHD124D,State House of Representatives - District 124 - Dem<br>18 of 18 precincts reporting,100.0,"<b>Melanie Michele Miller</b><br>5,136 votes",18,18
160,REP,SHD125R,State House of Representatives - District 125 - Rep<br>18 of 18 precincts reporting,100.0,"<b>Gary Richardson (I)</b><br>6,616 votes",18,18
159,DEM,SHD125D,State House of Representatives - District 125 - Dem<br>18 of 18 precincts reporting,100.0,"<b>Leonard Hennessy</b><br>4,269 votes",18,18
162,REP,SHD126R,State House of Representatives - District 126 - Rep<br>24 of 24 precincts reporting,100.0,"<b>William C. Harris</b><br>3,027 votes",24,24
161,DEM,SHD126D,State House of Representatives - District 126 - Dem<br>24 of 24 precincts reporting,100.0,"<b>L.C. Myles Jr. (I)</b><br>7,910 votes",24,24
164,REP,SHD127R,State House of Representatives - District 127 - Rep<br>17 of 17 precincts reporting,100.0,"<b>Mark Newton (I)</b><br>7,030 votes",17,17
163,DEM,SHD127D,State House of Representatives - District 127 - Dem<br>17 of 17 precincts reporting,100.0,"<b>Channing Von-T Taylor</b><br>3,893 votes",17,17
167,REP,SHD128R,State House of Representatives - District 128 - Rep<br>17 of 27 precincts reporting,100.0,"<b>Trey Sheppard</b><br>4,313 votes",27,17
165,DEM,SHD128D,State House of Representatives - District 128 - Dem<br>17 of 27 precincts reporting,67.43061396131202,"<b>Tyrone A. Evans</b><br>3,207 votes",27,17
166,DEM,SHD128D,State House of Representatives - District 128 - Dem<br>17 of 27 precincts reporting,32.56938603868797,"<b>Rameriz Lewis</b><br>1,549 votes",27,17
168,DEM,SHD129D,State House of Representatives - District 129 - Dem<br>21 of 21 precincts reporting,21.161971830985916,"<b>Scott Cambers</b><br>1,202 votes",21,21
169,DEM,SHD129D,State House of Representatives - District 129 - Dem<br>21 of 21 precincts reporting,78.83802816901408,"<b>Karlton L. Howard (I)</b><br>4,478 votes",21,21
176,REP,SHD130R,State House of Representatives - District 130 - Rep<br>16 of 16 precincts reporting,56.13382899628253,"<b>David Carson</b><br>1,208 votes",16,16
177,REP,SHD130R,State House of Representatives - District 130 - Rep<br>16 of 16 precincts reporting,43.866171003717476,<b>Thomas D. McAdams</b><br>944 votes,16,16
172,DEM,SHD130D,State House of Representatives - District 130 - Dem<br>16 of 16 precincts reporting,25.67756356524169,"<b>Sha'Qunta Q. Calles</b><br>1,838 votes",16,16
173,DEM,SHD130D,State House of Representatives - District 130 - Dem<br>16 of 16 precincts reporting,18.48281642917016,"<b>Karen Gordon</b><br>1,323 votes",16,16
174,DEM,SHD130D,State House of Representatives - District 130 - Dem<br>16 of 16 precincts reporting,50.335289186923724,"<b>Sheila Clark Nelson</b><br>3,603 votes",16,16
175,DEM,SHD130D,State House of Representatives - District 130 - Dem<br>16 of 16 precincts reporting,5.504330818664432,<b>LaFawn Pinkney-Mealing</b><br>394 votes,16,16
179,REP,SHD131R,State House of Representatives - District 131 - Rep<br>15 of 15 precincts reporting,100.0,"<b>Rob Clifton (I)</b><br>6,756 votes",15,15
178,DEM,SHD131D,State House of Representatives - District 131 - Dem<br>15 of 15 precincts reporting,100.0,"<b>Jenny E. Eppard</b><br>4,040 votes",15,15
180,DEM,SHD132D,State House of Representatives - District 132 - Dem<br>20 of 20 precincts reporting,100.0,"<b>Brian L. Prince (I)</b><br>7,383 votes",20,20
181,REP,SHD133R,State House of Representatives - District 133 - Rep<br>21 of 21 precincts reporting,60.53846153846154,"<b>Danny Mathis (I)</b><br>4,722 votes",21,21
182,REP,SHD133R,State House of Representatives - District 133 - Rep<br>21 of 21 precincts reporting,39.46153846153846,"<b>Robert Pruitt</b><br>3,078 votes",21,21
183,REP,SHD134R,State House of Representatives - District 134 - Rep<br>15 of 15 precincts reporting,100.0,"<b>Robert Dickey (I)</b><br>6,972 votes",15,15
184,REP,SHD135R,State House of Representatives - District 135 - Rep<br>16 of 16 precincts reporting,100.0,"<b>Beth Camp (I)</b><br>8,611 votes",16,16
185,REP,SHD136R,State House of Representatives - District 136 - Rep<br>19 of 20 precincts reporting,100.0,"<b>David Jenkins (I)</b><br>5,865 votes",20,19
186,DEM,SHD137D,State House of Representatives - District 137 - Dem<br>23 of 23 precincts reporting,100.0,"<b>Debbie G. Buckner (I)</b><br>7,395 votes",23,23
188,REP,SHD138R,State House of Representatives - District 138 - Rep<br>16 of 16 precincts reporting,100.0,"<b>Vance Smith (I)</b><br>8,097 votes",16,16
187,DEM,SHD138D,State House of Representatives - District 138 - Dem<br>16 of 16 precincts reporting,100.0,"<b>Cyndie Hutchings</b><br>3,355 votes",16,16
190,REP,SHD139R,State House of Representatives - District 139 - Rep<br>10 of 10 precincts reporting,100.0,"<b>Carmen Rice (I)</b><br>5,834 votes",10,10
189,DEM,SHD139D,State House of Representatives - District 139 - Dem<br>10 of 10 precincts reporting,100.0,"<b>Elliot Valdez</b><br>4,556 votes",10,10
195,REP,SHD140R,State House of Representatives - District 140 - Rep<br>8 of 8 precincts reporting,100.0,<b>Edward Kvietkus</b><br>916 votes,8,8
194,DEM,SHD140D,State House of Representatives - District 140 - Dem<br>8 of 8 precincts reporting,100.0,"<b>Marquese ""Skinny"" Averett</b><br>4,205 votes",8,8
197,REP,SHD141R,State House of Representatives - District 141 - Rep<br>10 of 10 precincts reporting,100.0,"<b>Reggie Liparoto</b><br>1,569 votes",10,10
196,DEM,SHD141D,State House of Representatives - District 141 - Dem<br>10 of 10 precincts reporting,100.0,"<b>Carolyn F. Hugley (I)</b><br>7,658 votes",10,10
200,REP,SHD142R,State House of Representatives - District 142 - Rep<br>16 of 16 precincts reporting,100.0,"<b>Calvin Palmer</b><br>3,507 votes",16,16
198,DEM,SHD142D,State House of Representatives - District 142 - Dem<br>16 of 16 precincts reporting,74.63312368972747,"<b>Miriam Paris (I)</b><br>4,984 votes",16,16
199,DEM,SHD142D,State House of Representatives - District 142 - Dem<br>16 of 16 precincts reporting,25.366876310272534,"<b>George Thomas</b><br>1,694 votes",16,16
201,DEM,SHD143D,State House of Representatives - District 143 - Dem<br>15 of 15 precincts reporting,100.0,"<b>Anissa M. Jones (I)</b><br>5,277 votes",15,15
202,REP,SHD144R,State House of Representatives - District 144 - Rep<br>18 of 18 precincts reporting,100.0,"<b>Dale Washburn (I)</b><br>9,221 votes",18,18
204,REP,SHD145R,State House of Representatives - District 145 - Rep<br>16 of 16 precincts reporting,100.0,"<b>Eric S. Wilson</b><br>4,692 votes",16,16
203,DEM,SHD145D,State House of Representatives - District 145 - Dem<br>16 of 16 precincts reporting,100.0,"<b>Tangie Herring (I)</b><br>5,865 votes",16,16
205,REP,SHD146R,State House of Representatives - District 146 - Rep<br>9 of 9 precincts reporting,100.0,"<b>Shaw Blackmon (I)</b><br>6,057 votes",9,9
208,REP,SHD147R,State House of Representatives - District 147 - Rep<br>12 of 12 precincts reporting,100.0,"<b>Bethany Ballard (I)</b><br>4,464 votes",12,12
206,DEM,SHD147D,State House of Representatives - District 147 - Dem<br>12 of 12 precincts reporting,81.11686816350029,"<b>Renita A. Duncan</b><br>4,227 votes",12,12
207,DEM,SHD147D,State House of Representatives - District 147 - Dem<br>12 of 12 precincts reporting,18.88313183649971,<b>Tim Riley</b><br>984 votes,12,12
211,REP,SHD148R,State House of Representatives - District 148 - Rep<br>15 of 15 precincts reporting,100.0,"<b>Noel W. Williams, Jr. (I)</b><br>6,482 votes",15,15
209,DEM,SHD148D,State House of Representatives - District 148 - Dem<br>15 of 15 precincts reporting,28.538436159683272,<b>Lillie Bryant</b><br>865 votes,15,15
210,DEM,SHD148D,State House of Representatives - District 148 - Dem<br>15 of 15 precincts reporting,71.46156384031673,"<b>Cynthia Johnson</b><br>2,166 votes",15,15
214,REP,SHD149R,State House of Representatives - District 149 - Rep<br>20 of 20 precincts reporting,100.0,"<b>Randy Peters</b><br>3,165 votes",20,20
212,DEM,SHD149D,State House of Representatives - District 149 - Dem<br>20 of 20 precincts reporting,79.9341021416804,"<b>Floyd Griffin (I)</b><br>4,852 votes",20,20
213,DEM,SHD149D,State House of Representatives - District 149 - Dem<br>20 of 20 precincts reporting,20.0658978583196,"<b>Ross Sheppard</b><br>1,218 votes",20,20
218,REP,SHD150R,State House of Representatives - District 150 - Rep<br>22 of 22 precincts reporting,100.0,"<b>Cary Moore</b><br>3,429 votes",22,22
217,DEM,SHD150D,State House of Representatives - District 150 - Dem<br>22 of 22 precincts reporting,100.0,"<b>Patty Bentley Stinson (I)</b><br>4,722 votes",22,22
220,REP,SHD151R,State House of Representatives - District 151 - Rep<br>29 of 29 precincts reporting,100.0,"<b>Mike Cheokas (I)</b><br>4,405 votes",29,29
219,DEM,SHD151D,State House of Representatives - District 151 - Dem<br>29 of 29 precincts reporting,100.0,"<b>Ethan Wolfe</b><br>4,533 votes",29,29
222,REP,SHD152R,State House of Representatives - District 152 - Rep<br>22 of 22 precincts reporting,100.0,"<b>William J. ""Bill"" Yearta (I)</b><br>6,566 votes",22,22
221,DEM,SHD152D,State House of Representatives - District 152 - Dem<br>22 of 22 precincts reporting,100.0,"<b>Mitchell Rosa</b><br>3,568 votes",22,22
223,DEM,SHD153D,State House of Representatives - District 153 - Dem<br>14 of 14 precincts reporting,100.0,"<b>David Lee Sampson (I)</b><br>5,832 votes",14,14
225,REP,SHD154R,State House of Representatives - District 154 - Rep<br>36 of 41 precincts reporting,100.0,"<b>Gerald E. Greene (I)</b><br>3,069 votes",41,36
224,DEM,SHD154D,State House of Representatives - District 154 - Dem<br>36 of 41 precincts reporting,100.0,"<b>Harry James</b><br>4,884 votes",41,36
227,REP,SHD155R,State House of Representatives - District 155 - Rep<br>17 of 17 precincts reporting,9.191782875993402,<b>KC Cook</b><br>613 votes,17,17
228,REP,SHD155R,State House of Representatives - District 155 - Rep<br>17 of 17 precincts reporting,90.8082171240066,"<b>Matt Hatchett (I)</b><br>6,056 votes",17,17
226,DEM,SHD155D,State House of Representatives - District 155 - Dem<br>17 of 17 precincts reporting,100.0,"<b>Joe Powers</b><br>3,223 votes",17,17
229,REP,SHD156R,State House of Representatives - District 156 - Rep<br>16 of 16 precincts reporting,100.0,"<b>Leesa Hagan (I)</b><br>6,178 votes",16,16
231,REP,SHD157R,State House of Representatives - District 157 - Rep<br>24 of 24 precincts reporting,66.24113475177305,"<b>Bradley B. Anderson</b><br>5,137 votes",24,24
232,REP,SHD157R,State House of Representatives - District 157 - Rep<br>24 of 24 precincts reporting,33.75886524822695,"<b>William ""Bill"" Werkheiser (I)</b><br>2,618 votes",24,24
230,DEM,SHD157D,State House of Representatives - District 157 - Dem<br>24 of 24 precincts reporting,100.0,"<b>Micah King</b><br>1,803 votes",24,24
233,REP,SHD158R,State House of Representatives - District 158 - Rep<br>18 of 18 precincts reporting,100.0,"<b>Butch Parrish (I)</b><br>5,870 votes",18,18
234,REP,SHD159R,State House of Representatives - District 159 - Rep<br>22 of 22 precincts reporting,75.15080182433427,"<b>Jon G. Burns (I)</b><br>5,108 votes",22,22
235,REP,SHD159R,State House of Representatives - District 159 - Rep<br>22 of 22 precincts reporting,24.849198175665734,"<b>Nathan Hooks</b><br>1,689 votes",22,22
238,REP,SHD160R,State House of Representatives - District 160 - Rep<br>13 of 13 precincts reporting,100.0,"<b>Lehman Franklin (I)</b><br>4,646 votes",13,13
240,REP,SHD161R,State House of Representatives - District 161 - Rep<br>18 of 18 precincts reporting,100.0,"<b>Bill Hitchens (I)</b><br>4,054 votes",18,18
239,DEM,SHD161D,State House of Representatives - District 161 - Dem<br>18 of 18 precincts reporting,100.0,"<b>David Dillie</b><br>3,869 votes",18,18
241,DEM,SHD162D,State House of Representatives - District 162 - Dem<br>15 of 16 precincts reporting,100.0,"<b>Orlando Scott</b><br>6,036 votes",16,15
242,DEM,SHD163D,State House of Representatives - District 163 - Dem<br>23 of 24 precincts reporting,100.0,"<b>Anne Allen Westbrook (I)</b><br>6,942 votes",24,23
244,REP,SHD164R,State House of Representatives - District 164 - Rep<br>16 of 16 precincts reporting,100.0,"<b>Ron Stephens (I)</b><br>4,643 votes",16,16
243,DEM,SHD164D,State House of Representatives - District 164 - Dem<br>16 of 16 precincts reporting,100.0,"<b>Stephanie O Burgess</b><br>4,860 votes",16,16
245,DEM,SHD165D,State House of Representatives - District 165 - Dem<br>18 of 19 precincts reporting,35.05057316250843,"<b>Kendra Clark</b><br>2,599 votes",19,18
246,DEM,SHD165D,State House of Representatives - District 165 - Dem<br>18 of 19 precincts reporting,54.173971679028995,"<b>MiQuan Green</b><br>4,017 votes",19,18
247,DEM,SHD165D,State House of Representatives - District 165 - Dem<br>18 of 19 precincts reporting,10.775455158462576,<b>Jaylen Jay Morris</b><br>799 votes,19,18
249,REP,SHD166R,State House of Representatives - District 166 - Rep<br>22 of 22 precincts reporting,100.0,"<b>Jesse Petrea (I)</b><br>10,673 votes",22,22
248,DEM,SHD166D,State House of Representatives - District 166 - Dem<br>22 of 22 precincts reporting,100.0,"<b>Pat Daley</b><br>4,491 votes",22,22
252,REP,SHD167R,State House of Representatives - District 167 - Rep<br>21 of 22 precincts reporting,100.0,"<b>Buddy DeLoach (I)</b><br>6,166 votes",22,21
250,DEM,SHD167D,State House of Representatives - District 167 - Dem<br>21 of 22 precincts reporting,52.727800348229835,"<b>Nathaniel Hicks, Jr.</b><br>1,817 votes",22,21
251,DEM,SHD167D,State House of Representatives - District 167 - Dem<br>21 of 22 precincts reporting,47.27219965177017,"<b>Laurie Thompson</b><br>1,629 votes",22,21
255,REP,SHD168R,State House of Representatives - District 168 - Rep<br>12 of 12 precincts reporting,100.0,"<b>Kevin Remillard</b><br>1,997 votes",12,12
253,DEM,SHD168D,State House of Representatives - District 168 - Dem<br>12 of 12 precincts reporting,38.457727873183615,"<b>Sabrina Newby</b><br>2,329 votes",12,12
254,DEM,SHD168D,State House of Representatives - District 168 - Dem<br>12 of 12 precincts reporting,61.54227212681638,"<b>Al Williams (I)</b><br>3,727 votes",12,12
256,REP,SHD169R,State House of Representatives - District 169 - Rep<br>13 of 13 precincts reporting,100.0,"<b>Angie O'Steen (I)</b><br>5,800 votes",13,13
259,REP,SHD170R,State House of Representatives - District 170 - Rep<br>18 of 18 precincts reporting,100.0,"<b>Jaclyn Dixon Ford (I)</b><br>5,497 votes",18,18
260,REP,SHD171R,State House of Representatives - District 171 - Rep<br>23 of 23 precincts reporting,100.0,"<b>Joseph M. Campbell (I)</b><br>4,134 votes",23,23
261,REP,SHD172R,State House of Representatives - District 172 - Rep<br>27 of 27 precincts reporting,100.0,"<b>Charles ""Chas"" Cannon (I)</b><br>5,018 votes",27,27
264,REP,SHD173R,State House of Representatives - District 173 - Rep<br>23 of 23 precincts reporting,100.0,"<b>Darlene Taylor (I)</b><br>4,765 votes",23,23
262,DEM,SHD173D,State House of Representatives - District 173 - Dem<br>23 of 23 precincts reporting,51.94841603588449,"<b>Adam Chitwood</b><br>1,853 votes",23,23
263,DEM,SHD173D,State House of Representatives - District 173 - Dem<br>23 of 23 precincts reporting,48.0515839641155,"<b>Anue Thomas</b><br>1,714 votes",23,23
266,REP,SHD174R,State House of Representatives - District 174 - Rep<br>26 of 26 precincts reporting,100.0,"<b>John L. Corbett (I)</b><br>6,355 votes",26,26
265,DEM,SHD174D,State House of Representatives - District 174 - Dem<br>26 of 26 precincts reporting,100.0,"<b>David Hall</b><br>1,317 votes",26,26
268,REP,SHD175R,State House of Representatives - District 175 - Rep<br>16 of 16 precincts reporting,100.0,"<b>John LaHood (I)</b><br>5,172 votes",16,16
267,DEM,SHD175D,State House of Representatives - District 175 - Dem<br>16 of 16 precincts reporting,100.0,"<b>Anissa Knight Wiseman</b><br>2,844 votes",16,16
270,REP,SHD176R,State House of Representatives - District 176 - Rep<br>25 of 25 precincts reporting,82.41042345276874,"<b>James Burchett (I)</b><br>4,554 votes",25,25
271,REP,SHD176R,State House of Representatives - District 176 - Rep<br>25 of 25 precincts reporting,17.58957654723127,<b>Michael R. Dockery</b><br>972 votes,25,25
269,DEM,SHD176D,State House of Representatives - District 176 - Dem<br>25 of 25 precincts reporting,100.0,"<b>Marcus T. Ryan</b><br>1,594 votes",25,25
272,DEM,SHD177D,State House of Representatives - District 177 - Dem<br>8 of 8 precincts reporting,15.141639508648785,<b>Eric G Howard</b><br>604 votes,8,8
273,DEM,SHD177D,State House of Representatives - District 177 - Dem<br>8 of 8 precincts reporting,18.70142892955628,<b>Kristina Cheek McBride</b><br>746 votes,8,8
274,DEM,SHD177D,State House of Representatives - District 177 - Dem<br>8 of 8 precincts reporting,29.957382802707443,"<b>Elsie Cason Napier</b><br>1,195 votes",8,8
275,DEM,SHD177D,State House of Representatives - District 177 - Dem<br>8 of 8 precincts reporting,25.64552519428428,"<b>Alvin Payton, Jr.</b><br>1,023 votes",8,8
276,DEM,SHD177D,State House of Representatives - District 177 - Dem<br>8 of 8 precincts reporting,10.554023564803208,<b>Blake Alexander Robinson</b><br>421 votes,8,8
278,REP,SHD178R,State House of Representatives - District 178 - Rep<br>24 of 25 precincts reporting,100.0,"<b>Steven Meeks (I)</b><br>7,128 votes",25,24
277,DEM,SHD178D,State House of Representatives - District 178 - Dem<br>24 of 25 precincts reporting,100.0,"<b>Barry Dunham</b><br>1,027 votes",25,24
279,REP,SHD179R,State House of Representatives - District 179 - Rep<br>11 of 11 precincts reporting,100.0,"<b>Rick Townsend (I)</b><br>5,790 votes",11,11
282,REP,SHD180R,State House of Representatives - District 180 - Rep<br>14 of 14 precincts reporting,100.0,"<b>Steven Sainz (I)</b><br>5,066 votes",14,14
98,REP,SDA5R,District Attorney - Atlantic Judicial Circuit - Rep<br>43 of 44 precincts reporting,100.0,"<b>Billy Joe Nelson, Jr. (I)</b><br>13,863 votes",44,43
86,REP,SDA14R,District Attorney - Columbia Judicial Circuit - Rep<br>40 of 40 precincts reporting,100.0,"<b>Natalie Paine</b><br>17,791 votes",40,40
87,REP,SDA16R,District Attorney - Cordele Judicial Circuit - Rep<br>15 of 15 precincts reporting,45.439302481556005,"<b>Brad Rigby (I)</b><br>2,710 votes",15,15
88,REP,SDA16R,District Attorney - Cordele Judicial Circuit - Rep<br>15 of 15 precincts reporting,54.560697518444,"<b>Lyndsey Walters</b><br>3,254 votes",15,15
89,REP,SDA23R,District Attorney - Enotah Judicial Circuit - Rep<br>24 of 24 precincts reporting,100.0,"<b>Jeff Langley (I)</b><br>18,623 votes",24,24
90,REP,SDA32R,District Attorney - Northeastern Judicial Circuit - Rep<br>35 of 35 precincts reporting,82.874988050094,"<b>Lee Darragh (I)</b><br>26,007 votes",35,35
91,REP,SDA32R,District Attorney - Northeastern Judicial Circuit - Rep<br>35 of 35 precincts reporting,17.125011949905993,"<b>Shiv Sachdeva</b><br>5,374 votes",35,35
92,REP,SDA37R,District Attorney - Pataula Judicial Circuit - Rep<br>25 of 30 precincts reporting,100.0,"<b>Vic McNease (I)</b><br>2,865 votes",30,25
95,REP,SDA50R,District Attorney - Paulding Judicial Circuit - Rep<br>20 of 20 precincts reporting,34.65515282354278,"<b>Colleen Hampton</b><br>6,100 votes",20,20
96,REP,SDA50R,District Attorney - Paulding Judicial Circuit - Rep<br>20 of 20 precincts reporting,65.34484717645722,"<b>Robert S. Lane (I)</b><br>11,502 votes",20,20
93,DEM,SDA39D,District Attorney - Rockdale Judicial Circuit - Dem<br>14 of 14 precincts reporting,100.0,"<b>Alisha Adams Johnson (I)</b><br>16,303 votes",14,14
94,REP,SDA49R,District Attorney - Waycross Judicial Circuit - Rep<br>36 of 37 precincts reporting,100.0,"<b>Marilyn Bennett (I)</b><br>13,329 votes",37,36
97,REP,SDA51R,District Attorney - West Georgia Judicial Circuit - Rep<br>34 of 34 precincts reporting,100.0,"<b>Sarah Stimac Japour (I)</b><br>13,858 votes",34,34
598,,SSC1,Justice - Supreme Court of Georgia (Bethel)<br>2357 of 2584 precincts reporting,51.4616062684182,"<b>Charles ""Charlie"" Bethel (I)</b><br>935,836 votes",2584,2357
599,,SSC1,Justice - Supreme Court of Georgia (Bethel)<br>2357 of 2584 precincts reporting,48.53839373158179,"<b>Miracle Rankin</b><br>882,677 votes",2584,2357
600,,SSC2,Justice - Supreme Court of Georgia (Land)<br>2357 of 2584 precincts reporting,100.0,"<b>Ben Land (I)</b><br>1,612,759 votes",2584,2357
601,,SSC3,Justice - Supreme Court of Georgia (Warren)<br>2357 of 2584 precincts reporting,40.48096570194432,"<b>Jen Auer Jordan</b><br>730,056 votes",2584,2357
602,,SSC3,Justice - Supreme Court of Georgia (Warren)<br>2357 of 2584 precincts reporting,59.51903429805567,"<b>Sarah Hawkins Warren (I)</b><br>1,073,399 votes",2584,2357
70,,SCA1,"Judge - Court of Appeals of Georgia (Brown, III)<br>2357 of 2584 precincts reporting",63.9463577502304,"<b>Trenton ""Trent"" Brown (I)</b><br>1,131,722 votes",2584,2357
71,,SCA1,"Judge - Court of Appeals of Georgia (Brown, III)<br>2357 of 2584 precincts reporting",36.05364224976961,"<b>Will Wooten</b><br>638,077 votes",2584,2357
72,,SCA2,Judge - Court of Appeals of Georgia (Doyle)<br>2357 of 2584 precincts reporting,100.0,"<b>Sara Doyle (I)</b><br>1,635,385 votes",2584,2357
73,,SCA3,Judge - Court of Appeals of Georgia (Gobeil)<br>2357 of 2584 precincts reporting,43.026388590914735,"<b>Fatima Harris Felton</b><br>762,092 votes",2584,2357
74,,SCA3,Judge - Court of Appeals of Georgia (Gobeil)<br>2357 of 2584 precincts reporting,56.973611409085265,"<b>Elizabeth D. Gobeil (I)</b><br>1,009,128 votes",2584,2357
75,,SCA4,Judge - Court of Appeals of Georgia (Markle)<br>2357 of 2584 precincts reporting,100.0,"<b>David Todd Markle (I)</b><br>1,616,639 votes",2584,2357
76,,SCA5,Judge - Court of Appeals of Georgia (Padgett)<br>2357 of 2584 precincts reporting,100.0,"<b>J. Wade Padgett (I)</b><br>1,618,357 votes",2584,2357
485,,SJC1,"Judge - Superior Court - Alapaha Judicial Circuit (Perryman, III)<br>23 of 23 precincts reporting",100.0,"<b>Dick Perryman (I)</b><br>7,225 votes",23,23
497,,SJC2,Judge - Superior Court - Alcovy Judicial Circuit (McCamy)<br>29 of 34 precincts reporting,100.0,"<b>Cheveda D. McCamy (I)</b><br>15,422 votes",34,29
510,,SJC3,Judge - Superior Court - Alcovy Judicial Circuit (Zon)<br>29 of 34 precincts reporting,100.0,"<b>Layla H. Zon (I)</b><br>15,473 votes",34,29
518,,SJC4,Judge - Superior Court - Appalachian Judicial Circuit (Priest)<br>36 of 37 precincts reporting,100.0,"<b>Mary E. Priest (I)</b><br>17,954 votes",37,36
531,,SJC5,Judge - Superior Court - Appalachian Judicial Circuit (Sosebee)<br>36 of 37 precincts reporting,100.0,"<b>B. Alison Sosebee (I)</b><br>18,337 votes",37,36
82,,SCJ6,Judge - Superior Court - Atlanta Judicial Circuit (Benton)<br>299 of 437 precincts reporting,100.0,"<b>Alice Benton (I)</b><br>153,421 votes",437,299
83,,SCJ7,Judge - Superior Court - Atlanta Judicial Circuit (Eaton)<br>299 of 437 precincts reporting,100.0,"<b>Chuck Eaton (I)</b><br>152,166 votes",437,299
84,,SCJ8,Judge - Superior Court - Atlanta Judicial Circuit (Ellerbe)<br>299 of 437 precincts reporting,100.0,"<b>Kelly Lee Ellerbe (I)</b><br>152,745 votes",437,299
85,,SCJ9,Judge - Superior Court - Atlanta Judicial Circuit (Farmer)<br>299 of 437 precincts reporting,100.0,"<b>Kevin M. Farmer (I)</b><br>152,929 votes",437,299
77,,SCJ10,Judge - Superior Court - Atlanta Judicial Circuit (McBurney)<br>299 of 437 precincts reporting,100.0,"<b>Robert C.I. McBurney (I)</b><br>153,183 votes",437,299
78,,SCJ11,Judge - Superior Court - Atlanta Judicial Circuit (Schwall)<br>299 of 437 precincts reporting,58.80842587635217,"<b>Janice Moore</b><br>102,152 votes",437,299
79,,SCJ11,Judge - Superior Court - Atlanta Judicial Circuit (Schwall)<br>299 of 437 precincts reporting,41.19157412364783,"<b>Craig L. Schwall (I)</b><br>71,551 votes",437,299
80,,SCJ12,Judge - Superior Court - Atlanta Judicial Circuit (Whitaker)<br>299 of 437 precincts reporting,49.43753700414447,"<b>Nikia Smith Sellers</b><br>85,170 votes",437,299
81,,SCJ12,Judge - Superior Court - Atlanta Judicial Circuit (Whitaker)<br>299 of 437 precincts reporting,50.56246299585554,"<b>Paige Reese Whitaker (I)</b><br>87,108 votes",437,299
487,,SJC13,Judge - Superior Court - Atlantic Judicial Circuit (Hendrix)<br>43 of 44 precincts reporting,100.0,"<b>Mark A. Hendrix (I)</b><br>24,358 votes",44,43
490,,SJC14,Judge - Superior Court - Atlantic Judicial Circuit (Stewart)<br>43 of 44 precincts reporting,100.0,"<b>D. Jay Stewart (I)</b><br>24,927 votes",44,43
491,,SJC15,Judge - Superior Court - Augusta Judicial Circuit (Heath)<br>76 of 76 precincts reporting,100.0,"<b>Amanda Nichole Heath (I)</b><br>37,557 votes",76,76
492,,SJC16,Judge - Superior Court - Augusta Judicial Circuit (Stone)<br>76 of 76 precincts reporting,100.0,"<b>Jesse Stone (I)</b><br>37,426 votes",76,76
493,,SJC17,Judge - Superior Court - Augusta Judicial Circuit (Wright)<br>76 of 76 precincts reporting,46.39607279693487,"<b>Alexia Davis Payne</b><br>19,375 votes",76,76
494,,SJC17,Judge - Superior Court - Augusta Judicial Circuit (Wright)<br>76 of 76 precincts reporting,53.60392720306514,"<b>Ashley Wright (I)</b><br>22,385 votes",76,76
495,,SJC18,Judge - Superior Court - Bell-Forsyth Judicial Circuit (Bagley)<br>30 of 30 precincts reporting,100.0,"<b>Jeffrey Bagley (I)</b><br>28,785 votes",30,30
496,,SJC19,Judge - Superior Court - Bell-Forsyth Judicial Circuit (Smith)<br>30 of 30 precincts reporting,100.0,"<b>Philip C. Smith (I)</b><br>28,630 votes",30,30
498,,SJC20,Judge - Superior Court - Blue Ridge Judicial Circuit (Baker)<br>31 of 42 precincts reporting,100.0,"<b>M. Anthony ''Tony"" Baker (I)</b><br>42,221 votes",42,31
499,,SJC21,Judge - Superior Court - Brunswick Judicial Circuit (Lane)<br>55 of 55 precincts reporting,100.0,"<b>Roger B. Lane (I)</b><br>29,371 votes",55,55
500,,SJC22,Judge - Superior Court - Chattahoochee Judicial Circuit (Burch)<br>53 of 53 precincts reporting,100.0,"<b>Tippi Cain Burch (I)</b><br>43,050 votes",53,53
501,,SJC23,Judge - Superior Court - Cherokee Judicial Circuit (Greene)<br>28 of 28 precincts reporting,100.0,"<b>Rosemary M. Greene (I)</b><br>22,609 votes",28,28
502,,SJC24,Judge - Superior Court - Cherokee Judicial Circuit (Patel)<br>28 of 28 precincts reporting,100.0,"<b>Samir J. Patel (I)</b><br>22,105 votes",28,28
503,,SJC25,Judge - Superior Court - Cherokee Judicial Circuit (Smith)<br>28 of 28 precincts reporting,100.0,"<b>D. Scott Smith (I)</b><br>22,680 votes",28,28
504,,SJC26,Judge - Superior Court - Clayton Judicial Circuit (Carter)<br>70 of 70 precincts reporting,57.28798873605545,"<b>Geronda V. Carter (I)</b><br>26,447 votes",70,70
505,,SJC26,Judge - Superior Court - Clayton Judicial Circuit (Carter)<br>70 of 70 precincts reporting,42.71201126394455,"<b>Utrophia Daniell Robinson</b><br>19,718 votes",70,70
506,,SJC27,Judge - Superior Court - Clayton Judicial Circuit (Mason)<br>70 of 70 precincts reporting,54.81644450196281,"<b>Deitra Butler</b><br>25,414 votes",70,70
507,,SJC27,Judge - Superior Court - Clayton Judicial Circuit (Mason)<br>70 of 70 precincts reporting,45.18355549803719,"<b>Aaron B. Mason (I)</b><br>20,948 votes",70,70
508,,SJC28,Judge - Superior Court - Cobb Judicial Circuit (Brown)<br>128 of 148 precincts reporting,100.0,"<b>Sonja N. Brown (I)</b><br>125,890 votes",148,128
509,,SJC29,Judge - Superior Court - Cobb Judicial Circuit (Harris)<br>128 of 148 precincts reporting,100.0,"<b>Ann Bethune Harris (I)</b><br>124,291 votes",148,128
511,,SJC30,Judge - Superior Court - Cobb Judicial Circuit (Leonard)<br>128 of 148 precincts reporting,100.0,"<b>Robert D. Leonard II (I)</b><br>122,752 votes",148,128
512,,SJC31,Judge - Superior Court - Columbia Judicial Circuit (Blanchard)<br>40 of 40 precincts reporting,100.0,"<b>J. Grady Blanchard (I)</b><br>28,229 votes",40,40
513,,SJC32,Judge - Superior Court - Columbia Judicial Circuit (Fleming)<br>40 of 40 precincts reporting,100.0,"<b>Barry A. Fleming (I)</b><br>28,293 votes",40,40
514,,SJC33,Judge - Superior Court - Conasauga Judicial Circuit (Morris)<br>30 of 30 precincts reporting,100.0,"<b>Maxine C. ""Cindy"" Morris (I)</b><br>14,757 votes",30,30
515,,SJC34,Judge - Superior Court - Conasauga Judicial Circuit (Wilbanks)<br>30 of 30 precincts reporting,100.0,"<b>George Jason Souther</b><br>14,818 votes",30,30
516,,SJC35,Judge - Superior Court - Coweta Judicial Circuit (Bendinger)<br>44 of 49 precincts reporting,100.0,"<b>Jephson ""Jep"" Bendinger (I)</b><br>32,660 votes",49,44
486,,SJC129,Judge - Superior Court - DeKalb Judicial Circuit (A. Jackson)<br>188 of 191 precincts reporting,100.0,"<b>Asha F. Jackson (I)</b><br>142,501 votes",191,188
488,,SJC130,Judge - Superior Court - DeKalb Judicial Circuit (L. Jackson)<br>188 of 191 precincts reporting,100.0,"<b>LaTisha Dear Jackson (I)</b><br>142,684 votes",191,188
489,,SJC131,Judge - Superior Court - DeKalb Judicial Circuit (Johnson)<br>188 of 191 precincts reporting,100.0,"<b>Courtney L. Johnson (I)</b><br>142,137 votes",191,188
517,,SJC39,Judge - Superior Court - Dougherty Judicial Circuit (Dent)<br>23 of 23 precincts reporting,100.0,"<b>Joe Dent (I)</b><br>12,863 votes",23,23
519,,SJC40,Judge - Superior Court - Douglas Judicial Circuit (Adams)<br>25 of 25 precincts reporting,100.0,"<b>Cynthia C. Adams (I)</b><br>26,212 votes",25,25
520,,SJC41,Judge - Superior Court - Eastern Judicial Circuit (Karpf)<br>84 of 86 precincts reporting,100.0,"<b>Benjamin W. Karpf (I)</b><br>46,914 votes",86,84
521,,SJC42,Judge - Superior Court - Eastern Judicial Circuit (Stokes)<br>84 of 86 precincts reporting,100.0,"<b>Tammy M. Stokes (I)</b><br>47,788 votes",86,84
522,,SJC43,Judge - Superior Court - Eastern Judicial Circuit (Walmsley)<br>84 of 86 precincts reporting,100.0,"<b>Timothy R. Walmsley (I)</b><br>46,646 votes",86,84
523,,SJC44,Judge - Superior Court - Enotah Judicial Circuit (George)<br>24 of 24 precincts reporting,67.67075306479859,"<b>Jeremy Clough</b><br>15,456 votes",24,24
524,,SJC44,Judge - Superior Court - Enotah Judicial Circuit (George)<br>24 of 24 precincts reporting,32.3292469352014,"<b>Elise Hoyle</b><br>7,384 votes",24,24
525,,SJC45,Judge - Superior Court - Enotah Judicial Circuit (Levins)<br>24 of 24 precincts reporting,75.60741548527808,"<b>Buck Levins (I)</b><br>17,333 votes",24,24
526,,SJC45,Judge - Superior Court - Enotah Judicial Circuit (Levins)<br>24 of 24 precincts reporting,24.392584514721918,"<b>Kerry B. Morris</b><br>5,592 votes",24,24
527,,SJC46,Judge - Superior Court - Flint Judicial Circuit (Lewis)<br>31 of 37 precincts reporting,100.0,"<b>Chaundra D. Lewis (I)</b><br>45,152 votes",37,31
528,,SJC47,Judge - Superior Court - Flint Judicial Circuit (Palmer)<br>31 of 37 precincts reporting,100.0,"<b>Pandora Elaine Palmer (I)</b><br>44,572 votes",37,31
529,,SJC48,Judge - Superior Court - Griffin Judicial Circuit (Coker)<br>51 of 55 precincts reporting,100.0,"<b>Benjamin David Coker (I)</b><br>47,250 votes",55,51
530,,SJC49,Judge - Superior Court - Griffin Judicial Circuit (Kreuziger)<br>51 of 55 precincts reporting,100.0,"<b>Rhonda Bender Kreuziger (I)</b><br>47,301 votes",55,51
532,,SJC50,Judge - Superior Court - Griffin Judicial Circuit (Miller)<br>51 of 55 precincts reporting,100.0,"<b>Ben J. Miller, Jr. (I)</b><br>47,395 votes",55,51
533,,SJC51,"Judge - Superior Court - Gwinnett Judicial Circuit/Para Juez, Tribunal Estatal del Condado de Gwinnett (Cason)<br>146 of 156 precincts reporting",100.0,"<b>Tracie H. Cason (I)</b><br>125,292 votes",156,146
534,,SJC52,"Judge - Superior Court - Gwinnett Judicial Circuit/Para Juez, Tribunal Estatal del Condado de Gwinnett (Duncan)<br>146 of 156 precincts reporting",100.0,"<b>Angela D. Duncan (I)</b><br>125,820 votes",156,146
535,,SJC53,"Judge - Superior Court - Gwinnett Judicial Circuit/Para Juez, Tribunal Estatal del Condado de Gwinnett (Hamil)<br>146 of 156 precincts reporting",100.0,"<b>Tim Hamil (I)</b><br>123,524 votes",156,146
536,,SJC54,"Judge - Superior Court - Gwinnett Judicial Circuit/Para Juez, Tribunal Estatal del Condado de Gwinnett (Hutchinson)<br>146 of 156 precincts reporting",28.89985230321917,"<b>BT Gutter Parker</b><br>37,373 votes",156,146
537,,SJC54,"Judge - Superior Court - Gwinnett Judicial Circuit/Para Juez, Tribunal Estatal del Condado de Gwinnett (Hutchinson)<br>146 of 156 precincts reporting",55.5146575522545,"<b>Regina J. Matthews</b><br>71,791 votes",156,146
538,,SJC54,"Judge - Superior Court - Gwinnett Judicial Circuit/Para Juez, Tribunal Estatal del Condado de Gwinnett (Hutchinson)<br>146 of 156 precincts reporting",15.585490144526325,"<b>Ramona Toole</b><br>20,155 votes",156,146
539,,SJC55,"Judge - Superior Court - Gwinnett Judicial Circuit/Para Juez, Tribunal Estatal del Condado de Gwinnett (Mason)<br>146 of 156 precincts reporting",100.0,"<b>Tracey D. Mason (I)</b><br>124,930 votes",156,146
540,,SJC56,Judge - Superior Court - Houston Judicial Circuit (Smith)<br>17 of 17 precincts reporting,100.0,"<b>Amy E. Smith (I)</b><br>25,723 votes",17,17
541,,SJC57,Judge - Superior Court - Lookout Mountain Judicial Circuit (Thompson)<br>34 of 34 precincts reporting,100.0,"<b>Don W. Thompson (I)</b><br>22,161 votes",34,34
542,,SJC58,Judge - Superior Court - Macon Judicial Circuit (Mincey)<br>40 of 40 precincts reporting,100.0,"<b>David L. Mincey, III (I)</b><br>31,852 votes",40,40
543,,SJC59,Judge - Superior Court - Macon Judicial Circuit (Raymond)<br>40 of 40 precincts reporting,100.0,"<b>Philip T. Raymond, III (I)</b><br>31,604 votes",40,40
544,,SJC60,Judge - Superior Court - Macon Judicial Circuit (Smith)<br>40 of 40 precincts reporting,100.0,"<b>Ken Smith (I)</b><br>31,530 votes",40,40
545,,SJC61,Judge - Superior Court - Macon Judicial Circuit (Williford)<br>40 of 40 precincts reporting,100.0,"<b>Connie Williford Marsh (I)</b><br>31,469 votes",40,40
546,,SJC62,Judge - Superior Court - Middle Judicial Circuit (Reeves)<br>32 of 32 precincts reporting,100.0,"<b>J. Kendall Gross</b><br>14,696 votes",32,32
547,,SJC63,Judge - Superior Court - Middle Judicial Circuit (Smith)<br>32 of 32 precincts reporting,100.0,"<b>Tommy J. Smith (I)</b><br>14,739 votes",32,32
548,,SJC64,Judge - Superior Court - Mountain Judicial Circuit (Carswell)<br>19 of 19 precincts reporting,100.0,"<b>B. Nichole Carswell (I)</b><br>18,145 votes",19,19
549,,SJC65,"Judge - Superior Court - Mountain Judicial Circuit (Jones, III)<br>19 of 19 precincts reporting",100.0,"<b>Carlton Hobie Jones III (I)</b><br>18,110 votes",19,19
550,,SJC66,Judge - Superior Court - Northeastern Judicial Circuit (Burton)<br>35 of 35 precincts reporting,100.0,"<b>Lindsay H. Burton (I)</b><br>37,948 votes",35,35
551,,SJC67,Judge - Superior Court - Northeastern Judicial Circuit (Deal)<br>35 of 35 precincts reporting,100.0,"<b>Jason Jonathan Deal (I)</b><br>38,516 votes",35,35
552,,SJC68,Judge - Superior Court - Pataula Judicial Circuit (Balkcom)<br>25 of 30 precincts reporting,100.0,"<b>Henry Balkcom (I)</b><br>5,839 votes",30,25
553,,SJC69,Judge - Superior Court - Paulding Judicial Circuit (Rollins)<br>20 of 20 precincts reporting,100.0,"<b>Matthew W. Rollins (I)</b><br>27,503 votes",20,20
554,,SJC70,Judge - Superior Court - Piedmont Judicial Circuit (Griffie)<br>12 of 12 precincts reporting,100.0,"<b>Sarah Griffie (I)</b><br>25,151 votes",12,12
555,,SJC71,Judge - Superior Court - Rockdale Judicial Circuit (Bills)<br>14 of 14 precincts reporting,53.220701852368975,"<b>Nancy Bills (I)</b><br>11,435 votes",14,14
556,,SJC71,Judge - Superior Court - Rockdale Judicial Circuit (Bills)<br>14 of 14 precincts reporting,46.77929814763102,"<b>Clarence Cuthpert, Jr.</b><br>10,051 votes",14,14
557,,SJC72,Judge - Superior Court - Rome Judicial Circuit (King)<br>19 of 19 precincts reporting,100.0,"<b>Kay Ann King (I)</b><br>14,466 votes",19,19
558,,SJC73,Judge - Superior Court - Rome Judicial Circuit (Sparks)<br>19 of 19 precincts reporting,100.0,"<b>William F. ""Billy"" Sparks (I)</b><br>14,504 votes",19,19
559,,SJC75,Judge - Superior Court - Southern Judicial Circuit (Prine)<br>62 of 62 precincts reporting,100.0,"<b>James L. Prine (I)</b><br>25,855 votes",62,62
560,,SJC76,Judge - Superior Court - Southern Judicial Circuit (Smith)<br>62 of 62 precincts reporting,100.0,"<b>Catherine Mims Smith (I)</b><br>26,103 votes",62,62
561,,SJC77,Judge - Superior Court - Southern Judicial Circuit (Voyles)<br>62 of 62 precincts reporting,100.0,"<b>Gregory A. Voyles (I)</b><br>25,920 votes",62,62
562,,SJC78,Judge - Superior Court - Southwestern Judicial Circuit (Sizemore)<br>32 of 32 precincts reporting,26.211616722160564,"<b>Wesley Beamon</b><br>4,251 votes",32,32
563,,SJC78,Judge - Superior Court - Southwestern Judicial Circuit (Sizemore)<br>32 of 32 precincts reporting,9.773091626587743,"<b>Patrick S. Eidson</b><br>1,585 votes",32,32
564,,SJC78,Judge - Superior Court - Southwestern Judicial Circuit (Sizemore)<br>32 of 32 precincts reporting,64.01529165125169,"<b>Lisa Jones</b><br>10,382 votes",32,32
565,,SJC79,Judge - Superior Court - Tifton Judicial Circuit (Powell)<br>26 of 26 precincts reporting,100.0,"<b>Ralph Powell (I)</b><br>10,768 votes",26,26
566,,SJC80,Judge - Superior Court - Tifton Judicial Circuit (Reinhardt)<br>26 of 26 precincts reporting,100.0,"<b>Bill Reinhardt (I)</b><br>11,193 votes",26,26
567,,SJC81,Judge - Superior Court - Towaliga Judicial Circuit (Wilson)<br>19 of 19 precincts reporting,53.67136272154775,"<b>Jonathan Adams</b><br>8,267 votes",19,19
568,,SJC81,Judge - Superior Court - Towaliga Judicial Circuit (Wilson)<br>19 of 19 precincts reporting,46.32863727845225,"<b>Natalie Fears Sundeen</b><br>7,136 votes",19,19
569,,SJC82,Judge - Superior Court - Waycross Judicial Circuit (Kight)<br>36 of 37 precincts reporting,100.0,"<b>Jeffrey Kight (I)</b><br>16,676 votes",37,36
570,,SJC83,Judge - Superior Court - West Georgia Judicial Circuit (Hightower)<br>34 of 34 precincts reporting,100.0,"<b>Dustin W. Hightower (I)</b><br>20,149 votes",34,34
571,,SJC84,Judge - Superior Court - Western Judicial Circuit (Lott)<br>23 of 28 precincts reporting,100.0,"<b>Lisa Lott (I)</b><br>28,476 votes",28,23
572,,SJC85,Judge - Superior Court - Western Judicial Circuit (Norris)<br>23 of 28 precincts reporting,100.0,"<b>Eric Wayne Norris (I)</b><br>28,473 votes",28,23
575,REP,SQ1R,Party Question 1 - Rep<br>2357 of 2584 precincts reporting,89.97691841942299,"<b>Yes</b><br>783,151 votes",2584,2357
576,REP,SQ1R,Party Question 1 - Rep<br>2357 of 2584 precincts reporting,10.023081580577005,"<b>No</b><br>87,240 votes",2584,2357
579,REP,SQ2R,Party Question 2 - Rep<br>2357 of 2584 precincts reporting,89.32709403992337,"<b>Yes</b><br>779,219 votes",2584,2357
580,REP,SQ2R,Party Question 2 - Rep<br>2357 of 2584 precincts reporting,10.672905960076623,"<b>No</b><br>93,102 votes",2584,2357
581,REP,SQ3R,Party Question 3 - Rep<br>2357 of 2584 precincts reporting,84.24837230782441,"<b>Yes</b><br>726,055 votes",2584,2357
582,REP,SQ3R,Party Question 3 - Rep<br>2357 of 2584 precincts reporting,15.75162769217559,"<b>No</b><br>135,748 votes",2584,2357
583,REP,SQ4R,Party Question 4 - Rep<br>2357 of 2584 precincts reporting,89.51659068733674,"<b>Yes</b><br>772,487 votes",2584,2357
584,REP,SQ4R,Party Question 4 - Rep<br>2357 of 2584 precincts reporting,10.483409312663246,"<b>No</b><br>90,467 votes",2584,2357
585,REP,SQ5R,Party Question 5 - Rep<br>2357 of 2584 precincts reporting,90.46587638197526,"<b>Yes</b><br>788,563 votes",2584,2357
586,REP,SQ5R,Party Question 5 - Rep<br>2357 of 2584 precincts reporting,9.534123618024731,"<b>No</b><br>83,106 votes",2584,2357
587,REP,SQ6R,Party Question 6 - Rep<br>2357 of 2584 precincts reporting,92.43648538749163,"<b>Yes</b><br>796,772 votes",2584,2357
588,REP,SQ6R,Party Question 6 - Rep<br>2357 of 2584 precincts reporting,7.563514612508368,"<b>No</b><br>65,195 votes",2584,2357
589,REP,SQ7R,Party Question 7 - Rep<br>2357 of 2584 precincts reporting,85.4757972069901,"<b>Yes</b><br>744,154 votes",2584,2357
590,REP,SQ7R,Party Question 7 - Rep<br>2357 of 2584 precincts reporting,14.524202793009893,"<b>No</b><br>126,448 votes",2584,2357
591,REP,SQ8R,Party Question 8 - Rep<br>2357 of 2584 precincts reporting,89.8541800713533,"<b>Yes</b><br>779,246 votes",2584,2357
592,REP,SQ8R,Party Question 8 - Rep<br>2357 of 2584 precincts reporting,10.14581992864671,"<b>No</b><br>87,988 votes",2584,2357
573,DEM,SQ1D,Party Question 1 - Dem<br>2357 of 2584 precincts reporting,3.1800987753415058,"<b>Yes</b><br>31,854 votes",2584,2357
574,DEM,SQ1D,Party Question 1 - Dem<br>2357 of 2584 precincts reporting,96.8199012246585,"<b>No</b><br>969,813 votes",2584,2357
577,DEM,SQ2D,Party Question 2 - Dem<br>2357 of 2584 precincts reporting,3.920579373390713,"<b>Yes</b><br>39,010 votes",2584,2357
578,DEM,SQ2D,Party Question 2 - Dem<br>2357 of 2584 precincts reporting,96.07942062660929,"<b>No</b><br>955,996 votes",2584,2357
